id,termfrom,termto
4a665b66-50de-4114-8136-a322f0236746,04,01
c33bb964-d485-42b7-95ee-eae26470c914,04,01
b818e8de-cd4e-4bc7-8316-eb6596c23590,04,01
266f96a2-adba-4767-b00b-36b8e02610f5,04,01			
fa3333de-2b8d-4983-a159-eaa1867ec2a5,04,01			
222ff224-41ac-4dfe-9c1f-75d5b1b24d01,04,01
c69ad7aa-80b8-4e9c-81d7-b421f2daf7b6,02,01
3sbaootugvkdro7rf78akgtioch8j4sj75oe7n81,03,01
ad5522f8-95fa-4e1d-bcf8-321a3851e49d,02,01			
2cee1ca6-bca7-4082-ba1b-b70870c0f376,02,01			
291ab9ef-83a3-441b-9526-3ae7d254c4b2,02,01			
ad2ebc36-198d-48db-accf-0d1427e84f43,02,01
07106c3d-c215-4b22-bad2-0d3b145cd36c,04,01
9fcd5ede-b132-484f-aa37-eded78aaf10a,04,01			
u1qivk9a0no8toa8rov77qbqbiuhc4iraua0ee81,04,01			
98vsgg3m15am5tiaii2j6ob27fd73jfvt0jr92g1,04,01
1cb6d5b1-fc60-4380-9532-f006cbe88433,03,01
e0b9d56f-ec4a-460d-9a0e-13cb9cf33ec1,03,01			
51ce594a-efcb-4b27-b1f9-d290fcc31a1e,03,01
b9skr9j25bl7tcstd9ek7btg3juldlnkrcpa37o1,03,01
8qg3nr1o1bf4epv635biudmsb6s16332ahecvs81,03,01
eb09a599-6861-418b-84bd-f9b1768e46d3,02,01
fdc7ecc6-cd70-4ed5-9856-513bec87ddfb,02,01			
06dd2902-0cb6-4624-8d57-95339e6d7260,02,01			
f59be82e-3b95-4d45-8021-6fbc93300980,02,01			
b08e658f-512e-4f5a-b56b-f09860bc04c0,02,01
3fed3c34-18c7-429f-a353-a6fd860b74fd,04,01
0fac3f75-dd2c-4755-be9d-fe75dd256e4d,04,01			
78b8576b-2986-42a9-a423-89c86e417e0a,04,01			
3c0loarhpoqqqkht5m5hn77e03gkkru37et2i5o1,04,01			
2lcio0hao0a169v5vslqio4cd24i5177g2016b81,04,01
4cbb67b3-e32d-49c0-b507-b67af7680a94,03,01
a9d23841-d6c8-4954-9f9b-61365710d8d2,03,01
c8783366-bf0a-4946-85e8-d3b12ab23edc,03,01
3d270cc4-5cac-4700-bbe3-6e3b7647494b,03,01			
i9m61s75e16a7rbo7j9ge7dqj1st5sli4hasdu01,03,01			
ibf77rbfe5ds7ch2hgivv2sau89rg68tn459j9o1,03,01
658887fd-c990-4be2-a398-126fedbd5d94,03,01
131c7725-acc7-4c07-bbd6-5eceba195ebd,03,01			
6uv34q67kibj672pci6q46ob7fd73jfu6ie0uc81,03,01			
u556b3afbdcri69aboiqemvjvkebf37kndmvtg01,03,01
2952549f-8ef1-4a2f-bfa7-1749a26fea74,02,01
gmjlpmau8lkdle6ls3jm1g0vcdb3dft4h8c7v81,03,01
enmm85s85hc5kgne7e0h2k2aq8ppg78m772lcq01,03,01
c452b9f3-7b4e-4368-970f-98aed6e05cde,02,01
18ee051d-642b-4c5d-ada8-12fb01f763e3,02,01			
aee2b3b0-65cf-4260-ab69-90c2591350b1,02,01			
82754008-45a6-4acc-b2ed-1d6e09b7a5d9,02,01		
9c91285f-5464-4f96-bdae-547c663b0d64,02,01
edec04d6-c02d-4a2d-bbc0-0fd5b1c5861a,03,01
47203607-277f-4c28-a3cc-4740e9b3bce1,03,01			
7n3m23bt5459831c16ss8nh5cu32r4d2fdgv5j01,03,01
f0b03be3-e932-498b-98b0-73d915cfc097,05,01
d8254b20-2d34-4793-aed7-3b2b577457bb,05,01			
8f5db610-eb6a-491b-ae8b-25aef688fe10,05,01
7df652fb-6050-4d88-8c1f-def0b42f81e3,02,01
al3em05bdl0857hckjbs83ok8eh0i3a54tbs9ug1,04,01
7691u6krefbqm5i8bf5rn5t5u48bmfhl12sik501,04,01
50496592-dfd2-446a-8f50-407250aef60d,02,01
a9405778-6c47-4a5a-ab8a-266c5fd17f14,02,01			
c83e894c-17a4-454d-b338-d3cad3a86d4f,02,01			
042fdab8-839e-4630-a469-d6fd85f0b9d5,02,01			
3d81f5d0-8425-4098-91da-aa0902c63952,02,01
65649323-abc3-48b3-8b9a-bee9f29e0ca8,03,01
646f55b5-6f35-4a0d-b393-8125b59b69e4,03,01		
e8689ce0-0c1a-462c-9746-1fd7b7a0703b,02,01
643cd1bc-4c88-4d5e-9115-b014d3794624,03,01
91f9988b-53ae-4f1a-9d2c-dad8badf30fe,03,01			
93c67638-bb9d-4699-9c58-9a03500a0f3d,03,01			
86c6aeb5-b3f0-43b8-a8bb-64e70e9f7212,03,01			
6658a277-ad0d-4cec-a22b-8b745b6a7b06,03,01			
99f69fbc-8ef4-44fd-a3f8-c916cc4d166e,03,01			
6952e81d-fb4f-4beb-a591-3d563f4622b9,03,01			
a6ceb9c7-1dc6-4039-a362-5c389c77bf85,03,01			
0qilltj957utl3r5pf24vt100vj4rna8ims2m581,03,01
1f5fff8c-3760-4dad-a933-e54fcd03b3aa,02,01
lh1e524mkfio7h3slvkg6sa6p8lo116cn4mrt001,03,01
vft4od4m45i33n02afhc1li9v0cr4dps3b6lso01,03,01
680c9970-9fd4-471c-93a9-fd7766761c32,02,01
0adf665d-a27c-49e7-ac0a-3c1098604280,02,01			
c0f52157-f23b-4f7c-8b3f-22fdd7d077c5,02,01			
397db65b-f39a-45e4-85c7-81f7c7898a00,02,01		
9ed5f08f-7ea1-4c37-b4dc-79375987889c,02,01
74be3a47-3a1a-4208-ac5a-7bbba6e395c5,02,01
b0453b62-4d76-4bde-9017-c7127f5bbb50,02,01			
c7e139ef-8497-4a7c-824c-28486f2ffeaf,02,01			
53e2de28-b9be-4c46-8d38-7b5033878fbe,02,01
4a78839e-1d9d-4128-a0d8-623dfb85d023,03,01
aa511b1d-7a44-4f0e-bd3d-83ca41a9b7e1,03,01			
6b829f04-9f06-4276-9a1b-1e97562d01bc,03,01			
e53e4d8b-e2d9-4292-b376-7dc51423f2a1,03,01			
319ef0d8-886f-41f3-8ac7-2bfb1aa69c90,03,01			
57a53f83-d52f-4dc5-879f-7ec4caba1329,03,01			
20dc63b4-ec2b-45fd-8bc7-40c3f09f946c,03,01
d882c007-ecf1-4c16-a0a1-7843af17b61a,02,01
4b51dd66-2b1d-46af-9b86-8f89fcaa882c,02,01			
87288425-cf8d-4a5a-8d19-4b1989daca7b,02,01
d14cd7c5-6d42-4a8b-aef1-03fc6f6316c4,03,01
c20f4a78-16c0-4077-a474-26fc7cf081a4,03,01			
e0k896bvkpn48svi1chd2h3fmlafugrgg1tejlo1,03,01			
lkt91mhr63g5ag7eph0rhm0hjdtd3qkl5a6hs801,03,01
efcc2ebc-674e-4692-8d2d-5d7f3974f0c9,02,01
2e8a99ed-0a20-4ad4-8e1e-ece8101a95fe,04,01
72fe7302-4794-4677-acba-aa2b0eabc137,04,01			
18ed47e6-b1b5-49a5-900b-b64b6eb24537,04,01			
0882a404-3240-42c4-a820-d403c8ab7278,04,01
16aecbb4-48cc-4c1f-a0e5-efe5846694ac,02,01
9b25f1e3-72bd-4ccc-8d5e-b7d65f554a70,02,01			
8450a295-298f-4912-8ab4-f7dfbe312d14,02,01			
19cd04a7-f6da-4d44-a1e3-ad70910b70a4,02,01			
a95bcd5b-4c27-44d2-bdf3-da29e797e1d4,02,01
70f362b2-5152-42c1-9adc-9fe632cfc326,02,01
fd121d39-5645-4e26-aa15-9deee322ec50,02,01			
b0cacd35-8fe8-45cc-b46e-9d37c330453c,02,01			
907bd37c-45ca-4cd2-ab4a-4bea697e9c1e,02,01
65806d5e-0c94-4402-a56c-92dbf906937c,03,01
73160177-76a4-48e2-9267-db8102bbbb7a,03,01			
a591f626-7976-4807-a456-ae7a83543398,03,01			
d30d8241-48ea-4130-befe-a9dba08df113,03,01			
kgnq6i8f8btcc7tc22td5comca1iik5tuh3dbqo1,03,01			
ef3fd65e-5668-4b19-be26-257972632a86,03,01			
e3110405-f7c5-4d43-b2d8-5794bc425194,03,01
55098240-2e0e-4be5-a6bb-baa5f69535c0,05,01
2dbc6942-bf80-43f6-b338-034ca96d7cd7,05,01			
c4cbdf3f-1d29-453a-8ff3-53a44e8ada91,05,01			
19433ce7-2816-400d-8a53-f1239541707a,05,01			
615faa9a-ca7c-4ffe-beef-61bc66bf79f7,05,01			
86b061f6-c7b2-49b0-a91a-9eff5a8bb503,05,01			
rpjn9f1pqdq0ufi98l0bs4a8k91uj43t50lrh1g1,05,01
f7bab4a6-a1c5-4cac-99be-cb49a3bdea81,02,01
85f51716-63d9-4e48-ad32-7a593b15cff6,02,01			
f392547f-201b-4409-872f-9c3d5e4990af,02,01			
8b327e04-ada2-49ce-81ac-ca99c3595178,02,01			
3fe67e99-e82e-4d9c-8c24-88c60544ed24,02,01			
22e5d59e-5e52-49c3-af31-dbe09e80f6a8,02,01
83263e45-fde5-4abc-b5ed-c5f8e58fec38,03,01
cb941cd9-cf33-4025-b6c2-b2fe3d17a7fe,03,01			
97b00c7e-70b1-4b6a-92c7-3315717ba6da,03,01			
m1tk9lhsh2lbq805erpn487eo4g8mdo4p93dbqo1,03,01			
prsj4vvf1mk9hvumpn9dsbfr6vb7qhhu14eotc01,03,01
9215846c-151a-49bd-833e-e6658af45b9a,02,01
1037952d-f3b6-4583-a8b8-79896644943b,03,01
a8360c0d-19b7-4ad8-a1ad-8962726508e1,03,01
51fa463a-82af-4213-90d5-cd13baa3fe8f,02,01
8c175087-f84b-4cc9-bb5a-a8d4e1e3f13b,02,01			
1ae0b7f7-23b0-4c7d-968c-4ee9e27a7865,02,01			
4a4b50d0-1a16-42da-8b9d-89dec13306cd,02,01			
6d0fe4ef-f683-4c31-a4e8-58231efc5250,02,01
550cceeb-e629-4e2b-a375-128032651900,03,01
21552207-f2b4-46cd-9615-eaca1d214702,03,01			
4d2d0b22-f216-4d60-84ee-f3f1d984c853,02,01
99b0e3d5-19bd-4257-83ee-a373d0bbf658,03,01
c347ee6f-7ea3-4594-94a6-31405fec76ef,03,01			
c81878b5-4751-4c4b-8e7f-e95f26015f96,03,01			
fc4d49eb-040f-4b17-bc1f-8c1238c9f5c7,03,01			
0e444af6-edf7-4488-bf5c-cb3a4353190f,03,01			
f7ccf98d-ad9b-40f0-95dc-35549e677e88,03,01
55db76d8-a46f-4af6-9678-bc6af9ae18b7,02,01
305ee2d1-77b6-4eb5-8e47-1d1356af214a,02,01			
4d5f17eb-7541-4542-a4d4-df2811bfd03c,02,01			
25567047-78ef-49a5-b232-a561d7414a66,02,01
39sk097eqhrr5dp8s7qk83p692kg41iejgjr92g1,03,01
9aq1g5tm096ir4ehuuc10f8u5v76bo79r2gj4301,03,01
5b187f58-44f7-4596-8091-543e19acd5b7,02,01
622a7d58-2da8-4aa7-a208-27440f86812a,02,01			
4fdd9bc6-559d-4bfe-bb64-e4c4b4e39a33,02,01			
201a739e-2f04-4b0d-88b0-70475851ea5d,02,01
d9113158-e7a1-4cd5-addf-a7716345749b,03,01
170609dd-dcd9-48f1-9d3b-a5d48ae5a3ac,03,01			
40c887e5-3a1a-4979-afc6-a13343c35157,03,01			
64b0f8f4-870b-49a9-9eb9-2aa731cc2b96,03,01			
b2381af7-ad4a-4609-9a9d-063b38c896e1,03,01			
rqeplgsipeq1fah5h5ar939p4f16jlfc4h0d7r81,03,01			
8b7cosaju9o437hh39b6gii2s81qh4v95n5lgpg1,03,01
d2b91b90-7bae-4ccb-99aa-42c6f0e76b84,02,01
cb4344ae-9712-4c04-a820-913872273202,02,01
qac56s87plkqttfjvf3fs9c0qkq9tqjhg449n981,03,01
fsmbni6si9ebg41mr68itp51vofr9sjlvfsmkl01,03,01
67e63e53-97ab-4318-91d2-22f0913c21c7,02,01
c62d50b6-24cb-4fe2-bf27-485cbbd37887,02,01			
78c9dd99-6e72-4819-80b8-8ea8f0574c1d,02,01
3e947865-40c3-4c62-9ca0-e2ed7326ee13,02,01
c9abd1f4-ce7c-4b4b-a3ec-5dc5e50458f3,02,01			
ac00ba49-be97-49d6-92f8-a0796d28222b,02,01			
5320f604-2148-4ec4-850f-bf4df9cc0154,02,01
a424e1de-a060-4566-a36c-45f477d663cc,03,01
88c48d91-a451-4745-9a09-6969d00b66d6,03,01			
8j081n79qh212oa2o5nkuogj9mm0e9r7uosql501,03,01			
ke7ct13n540fqqe5adkm2tupee93j64s7f846v81,03,01
1cc8cede-d297-47f3-8c12-5c7f2ec23dd3,02,01
3abefd4f-f1b3-4abd-9896-ccd33890a982,03,01
1dbd27d9-04b3-496c-8705-8fe0680beb3d,03,01
umq2476eue3s5cnhoqts88j4dq7i9nfjfv5lgpg1,03,01
loq9lvnplrvai7j6s9io1nja5b5m267llrqmcm01,03,01
5273b2a0-9919-4d79-8604-078ea92d83b3,02,01
ae3c4859-8580-45f7-bcad-c575faeb40f5,02,01			
b4271abd-dde5-4b55-acd1-f2d95dfbd155,02,01			
c2cb01f7-5aa0-4a33-b59c-f6937417b27c,02,01
004411e5-a80b-44b4-9fba-136474273969,03,01
d7988cbf-833f-4f36-a0b0-b061a5404894,03,01			
dlbejrqpgnhod69pfefa2h0sr4s97f3fce31aao1,03,01			
di0beumjkghfncraqe3tibsess3aqfd8f651i9o1,03,01
3d4e9450-52a1-4a75-b771-ba61aafd9ca6,02,01
u8o1eq0uhbpoa983tajpu6hgkt3ep4ipb8c8nd81,04,01
cqmdfmsu1qmnn652tpinvjcnbath1rkqi16dvo81,04,01
gj291i63illp1mje6uvpfepp5j6mcca4jl1d3ro1,02,01			
2ac06ffc-5780-4408-9cee-cfee6acf4142,02,01
7ad554ee-ee57-48da-ac07-7695e7df64a3,02,01			
2bfddf1e-2d66-4718-8ba5-8b82acfe504e,02,01			
e06b6274-8682-4d79-8527-96e9558caed4,02,01			
68687441-2594-4607-bd4a-930d8078afe8,02,01			
bfa56500-61be-4459-944f-64597ab1bbf1,03,01
6ec0276f-99a5-45a2-82ea-44396577001b,03,01			
960892a6-3d6f-4d0c-a70b-eb4cb1bd6bc8,02,01
eab5b8c4-0f9b-4403-8b5b-129719078e4f,03,01
93011934-80b1-4f07-a870-1a190e5b7a08,03,01			
le76qagb7qjg8kt0cdsuf5h4pkm8e5s24059j9o1,03,01			
ri3cnu17lm2k2ql4lbqinhjgh1ks581hsesik501,03,01			
4442b09b-53a2-4338-8343-92d17555795a,02,01
5972f35f-c69f-4f11-89e8-5e0ca572a5a2,02,01			
o60jkas3313ochbu218d6depponobofnlgpa37o1,03,01			
8q2llsubbs8k88kmk0shsp3333sl5cf6ud8s5v01,03,01			
ju6e5oi5k43oud9jr2vc62johpns96690ftmglg1,03,01			
02qfpjfg94q4d5v87kq2rth6g1gsl7f8gopa37o1,03,01			
ab69efc7-7482-4af7-ac8d-8a9dab6a4da2,02,01			
d3500d5a-6642-4270-ac97-e031f9fe9499,02,01			
4d891e77-a623-4171-812c-5bfcf38d6c05,02,01			
01858079-5008-425d-8bd5-c77758faa396,02,01			
b3675150-75fc-44bc-9044-f7efa326a506,02,01			
e8919698-7128-49c2-bf0b-528b3e539eba,03,01
1goqs6ka4q7c4f6hlvle4r6dfiejcaa8h4gr5301,03,01			
9ocvakon1t2bgc5bfgfq4nuq5r7m8o18ggvqp4g1,03,01			
36fm4267n999pu1ee5uo397g0bhkhje6ni0h4b01,03,01			
8190f5de-cee9-4e12-9805-7adca767d892,02,01
3ad223a1-195a-42c2-aaa2-3512b9c5962c,02,01
4058ab9a-8bc7-4c82-ba3a-884a68f297bb,02,01
cafb4441-1af4-4eb1-8a97-72b46263f0b5,02,01
0656b413-75b4-43a4-bf01-fe06408b1c2f,02,01
9dfe4285-e11a-4ce9-ae05-521532180859,02,01
78acb229-a0c7-4808-be6b-7436a89758e7,03,01
cb51c689-1b9a-4498-b3e6-2b7901eca700,03,01
jtn7s88mf9uhabi63678pamnh9ls0ob5qk7pp8g1,03,01
06317526-4f1b-4dad-9581-7ae31ecc7e94,02,01
ce33ccf8-6afc-4e07-9f0e-da1dbd815e3d,02,01
4d1b1b4c-45a8-455c-93fa-a97d9bbc0213,02,01
117141f5-7b9a-409f-9313-c6139f355a5e,02,01
b7ed647c-0b85-4b3e-8377-b8928f48da38,03,01
99c55fbb-3778-4769-a9b2-b89072f6acf8,03,01
06d5cebe-01f2-4fc9-99fd-d965f2980126,02,01
v0f1euru194613lr9dee56huu08rllgm6ka8fe81,03,01
4c0d4f9f-c752-432f-92a6-70658c7d5729,02,01
359ed308-761f-4399-ae2a-d3d9d7e24ea7,02,01
6b695dc9-ad40-4430-a9dd-442e7a9ecd7f,02,01
56a962fa-523b-45a3-aee7-9c14cc707276,02,01
7256abcc-71de-4a29-a260-ba92662e62f1,02,01
42526297-3d61-45e1-8264-6efbd8d1a779,05,01
79dc0d6c-1d9c-4155-97cf-1704ed130f1b,05,01
9fc52553-1121-410d-8bb7-630db724eef7,05,01
d9a81e11-814d-4d48-a18f-9827c4cd96e1,05,01
4b2ede6f-6364-475a-9c5c-38009df1d10e,05,01
5dhlfagas1496mtet2ujl0tuto7q861bhrakcu01,05,01
e756dd6b-179a-4833-af2a-e8d8b6086fdc,03,01
4f591c60-e3fd-48a3-90a7-dcc614827b3b,03,01
6f9f42b7-9598-4ee2-bdbe-0486730a24cc,03,01
g6mfg048g4q4ri2bgb37t6fflp7u8m3bpv1l0rg1,03,01
jmfqqfi3bkfhuj4nptqrgu61rovp9bul3ge8vc81,03,01
915d3412-a9a2-4b84-a8f2-2848653c2a84,02,01
pjh73og1n7qtplpbqvjufpah2rrlqe9flnvmokg1,03,01
6jueh4ta192mohgv2bjc5dseo0gokq9o37knkh01,03,01
f10f85c7-0ca0-471d-8bc4-b87b6fe0ebf1,02,01
aad99ba7-dd3f-436e-bd30-ca754c427b33,02,01
2af8f51f-73c6-4378-acea-4b1732c9f8b6,02,01
37a6924d-ff99-42e4-aea9-3f3f8f77c5a9,02,01
16d820b3-5e78-45a6-8366-3d4c04051873,02,01
908a3a59-a396-44f4-ad6f-3825f9fdefc7,02,01
6767e335-af05-4474-b85f-9a8beb0f061a,02,01
6bf01215-e12d-4802-b914-cbf69cc1431c,02,01
5bbc8d6c-463e-4840-9ae5-2bebd3e6ed5e,02,01
4878a2a3-8f48-416e-bfa1-386a48bc4b69,03,01
2c589ivr2v193r6o664qhu2oogiosmcg1dverko1,03,01
sa39pg8bdc9c249da1gb4qfqv8dr3qb5b55thpg1,03,01
cf6bfa39-d210-4953-96d2-78a43d9155ad,02,01
e649efbf-8483-4cdc-897b-4ab1dd4f53c2,02,01
eb7d4ad8-c387-483d-a921-63b94f480856,02,01
fd4437a5-e77a-4fc3-8ffd-f1bbadf24d63,03,01
858094ac-d8a0-40f8-a14d-d2ba975e17df,03,01
57beabb6-99db-4659-b365-d8919f55cf17,02,01
b918690c-b47a-42ce-9a03-025452693c9b,03,01
5b8c7cf8-a4c7-4a68-a58e-23903c7b2a72,02,01
bab4aa4d-f086-4fe5-ae6f-27aee72bfc7d,02,01			
8923a3e7-980b-4ad7-a646-def32b4be3ca,02,01			
126bcfab-f435-4241-b681-e9708ee42488,02,01
57597c67-67ad-48c8-bb01-72e6d6425c04,03,01
594vvaf92k8npi4kuag04jeohpns84urovom4n01,03,01
7i9b4kh67mtlo3e21rgmkjhelt7e9f1hpn152ro1,03,01
fdsp35qmaag91a8k901j57nb1rnk8ta0q8e8vc81,03,01
bdafaf05-0622-4e86-8e2a-eb4177d90fcd,02,01
7d40d33f-529c-434f-8761-a778405b7b01,02,01
f980df84-6464-4d4c-b299-18e6079fd04b,03,01
2cl43ad581vrckvlo88ctvrhg1gsk5o58t3t9qg1,03,01
bg635ve009b79v6hfkm9p2ttfadj2r5q7o79r8o1,03,01
l5927irvf9u1kijhkson1b9tnhevdg6j5cnbr0o1,03,01
c8a5437b-d564-4a35-b3c8-d4c14b20d76c,02,01
fa673626-059e-45e0-9179-5a6889daddfd,02,01
aefe9a3d-09ee-4b2c-af32-a294cf638d77,02,01
9b524862-b0a7-4d48-bf74-72d75ae827e4,02,01
f3bd6f41-c9b2-43e3-b2c4-18754adabbca,03,01
ee4cb7cb-c59a-41ea-85f6-431598483fae,03,01
thcc0bjvd0dpt4luohf1ru3i23ollpmv54hr13g1,03,01
nm0l57n4aldvb95qh33esulbtg6qd7f2q7gn4j01,03,01
302edc8d-08c0-40bb-a6b4-7bb2523285d0,02,01
g3ee9aklffi5i7gtk88eqrcnso3qrkouialjg1g1,05,01
uk4h1o2dmfllhbdu836cq37dnhevc23s850t5r01,05,01			
0a89a2ca-9e7f-4fc8-9415-cca43cb5c95f,02,01
7535e1ba-63f1-4b25-8861-f71362b9552c,02,01
86a4c440-4548-4481-af50-ad41b1d55678,02,01
903266af-5879-46cc-9827-577495f33526,02,01
07c41181-bdd5-4e5f-9f97-4bac831695c3,02,01
64f928e1-0d8d-4264-b8bc-52f23b027efb,03,01
esatt44mlskb680o4rlo239tll6eeeh8b5lvhhg1,03,01
6u1978tninhgr0f8gpfmlpqgema3sotmgrp62no1,03,01
tps4388qrra9vhc61713sk5gfqfj80ghil8c7v81,03,01
fb4e331c-0897-458d-a8a2-15ae10e60a38,02,01
c4140a07-54c0-438e-a6f7-aa5fd46adedc,02,01
255bf23d-4f36-4314-9247-33e455b14ff7,02,01
53f766d0-712c-441a-9194-44beff5da153,02,01
8afa4935-fa86-4f3e-b32d-a5758d5da04c,03,01
c855f27d-d523-44cc-ab63-c33d4d6ab557,03,01
tr4dtne7sn4jm3h691phlsg9p0ko44k7a9ests01,03,01
najtjoeh6f30vmk278rpmqeuqcp9jurantqudm01,03,01
a61ea37d-69b7-4075-af34-6edeaa9d9ff5,02,01
95a6e711-ad4e-440a-b3b7-4b79f70e88b1,02,01
19618c63-7540-460b-8af9-5d97eb81e934,03,01
1fc77d7f-1df6-45b4-87fb-f66d0b71ce1f,03,01
b35692ee-bc11-4269-aaa8-e2f469e2cd97,03,01
b7d54fbe-e054-49a3-af1c-04e907130a46,02,01
1qpki7do1eg2gp762lea9am3kh2uteeciql3i1o1,03,01
0bcd7504-9775-49a1-9f6f-7131cf4d7ebb,02,01
0aeb5f9c-49c5-4c73-9628-d2d3f91e893d,02,01
5c4876ea-82ac-4534-85ef-e791b525294b,02,01
6ee811dc-decd-4325-8c5c-171be2c55421,02,01
05ebf61b-de3e-4842-a857-b96148c40161,02,01
he6mb0t625c47odqi4td56epnddf3ngdbk49n981,06,01
rjh49rb0ggut82puqgjchtu1so3qrs17uuljg1g1,06,01
4e291711-5b7b-41c4-84be-0c3b35b9c384,02,01
06d0ac2e-2890-4023-b73d-81bb2e9aeeb5,02,01
7774c0cd-d254-4886-8ce3-a00f04a91e95,02,01
d51794b2-f836-4d04-8001-d343f0692e61,04,01
iqs39j375n60bogb496ggf5tfadj1ppf6u21ea81,04,01
ilbstpelhfe27rgg3vbrc2pg3btl22c5vtests01,04,01
060rkikrtbetvhsb5gi41juuc20ik6pes9mfvg81,04,01
7e699d25-ce88-45f7-a102-741c3a2d6e65,02,01
288945e9-1c0a-4dab-82d0-f7f37943515d,02,01
4d4cf3a2-3df3-46ec-be9f-8d3a223b290a,02,01
3af516ed-0295-481a-b6db-726bac29be5b,03,01
7iktcl12019hfhqogtabf4qkt85q0vbf3dhf3jo1,03,01
et8sot6t78vrp8saviah967l6vb7o8fnif8k4v01,03,01
tc3603vr8pb3f8oktuqcuh7v7jencg2jp50d7r81,03,01
757b5b9a-783e-434a-ba1f-4a1f9270fa79,02,01
d26ac006-c3f5-4a19-9f33-393dd47759d8,02,01
341e3ac4-6491-4cab-94a2-381146e839a2,02,01
bcda2d15-441e-4919-bda8-8dd5c0e7aa4f,03,01
ca893f36-14cb-41ec-b239-111a90df7f10,03,01
3iu23o3bpp94uft0s8ge9hhbfme3cki4ui21ea81,03,01
hbjlnvgq37plob98hsq16o2q4r3mp3ut3cf8rco1,03,01
f0ec085c-7739-4f65-97bd-e388d2e4dcad,02,01
030fbc14-a3e7-4fa9-9a25-c2c9cb5971f8,02,01
76ecd353-26b9-4f9e-a23e-9aa93ac4a58b,02,01
2f2c74a-e251-4b92-adbf-a46cba58840f,02,01
c2309583-4ff8-471d-a359-d8d5167bac40,02,01
6e04e211-cb83-4fc0-8106-9bb6014fad80,04,01
pfvpae3k4h1t54mf8oie7ppm2rrloqjps459j9o1,04,01
67158e96-30da-46b5-a4bf-d8a3a8b285b9,02,01
6da1d8a6-2640-40c8-9f66-5053d282d70d,02,01
825cfa08-db13-49bb-bb69-13c2c0dcf1e7,02,01
eadc5237-cfdb-428f-a3f0-562bcd9ef300,02,01
92e0ff79-e672-44da-9695-6f71360457c4,03,01
3kd9dt5rngdrukj4oh4ahblf8ahgiijmrl8s5v01,03,01
cqb0mr36v5jk36ohhvnkpugr0fh4j2vi75ivdi01,03,01
7af49628-4052-4cf7-a24a-6bb379684119,02,01
7662e4bb-c2df-49cd-94e3-4b7fc09219bd,02,01
5220703e-5734-4cf6-bcc4-090cbf99e326,02,01
0c14ff25-da5a-4476-85f3-50633f273d84,03,01
b930e6cb-5380-4ad3-879c-4073ce2fb70a,02,01
6b272e26-181f-4378-abfa-f5a55f2ccf09,02,01
15820221-67c7-494a-b81e-406cb9eff120,02,01
26ede04e-b531-44ea-a90c-4d9e88d35f60,03,01
3f274184-a173-460d-bf9d-0fc4b53add36,03,01
9120ff1b-b5ba-40e7-8539-57ca66686187,03,01
3c742845-0e53-4d95-9f46-6bc32fcf3fd5,03,01
fbd15647-b985-4bc4-859b-2923599f5bbf,03,01
78dd5855-55ee-4803-a298-c1fa737ffba5,03,01
3550247b-0718-457e-ba40-566ae80da6b8,03,01
ba11749a-da60-4f55-b1ee-532e70f3e7d7,03,01
4l0r429f096d4hanqjhjg7bumhavtjvq7nhn0jg1,03,01
718f4e84-e4a4-4b6b-aa76-33c9c287358d,02,01
8992f40d-ee4d-4da1-b80e-d1ec9ecdc907,02,01
670e97b7-76aa-449c-9b2c-0b52594c2d7e,02,01
00beb9df-cc76-4da1-84ab-f37b838fb425,02,01
4klf1mt3gkjrvlc2ufp9391iu89rhdi8musik501,03,01
9e9m1c9feg64f5boegpk1849p4k8635h8e4hk901,03,01
516ef1ca-f1fa-4267-9fab-3815e36fdfb5,02,01
6ea2cd13-c8af-44fd-b13e-5134b708d391,02,01
1d5bd6ae-71c8-4991-8e8f-036c3f47196d,02,01
e442f4d8-6afd-4312-967e-2c4dae6f20d2,02,01
6f9d3dae-2f71-407f-bdae-7106349b0ecb,02,01
edcd6088-5008-4b2d-b30c-fd0c40b3a99d,03,01
21b267a2-2214-417f-b04c-855df8616566,03,01
00d42ae9-ff7e-4595-8b78-63301a4a93d1,03,01
724f926d-dbac-4a33-a92e-a8510b3efe38,03,01
r2s3r44fdavobrnnffoe4sv8638nlhnvaqcgkd01,03,01
lurtmi71t04nin1gan5dlhmi4r3molpdr0jbb2o1,03,01
h8ltt3oksfgk3snvc036d7551vn4a15q19verko1,03,01
e6micgvo1iep9lsnqi7m18lek91uh3rg4jckkt01,03,01
d2c257c9-c0a4-4c57-9374-57ec89fae92b,02,01
820e3f51-47f3-4530-ae38-79b72fa83d1f,02,01
cd545d53-ce09-46b3-8859-f8b1bb7ea37b,02,01
14aacd39-1973-49d1-b8ca-2f962c165fc1,02,01
788fd39b-9793-475d-93fd-00c241f21de8,02,01
1b947399-b86e-4905-a3d4-19d73557d956,02,01
4af4fe83-fa7e-4eaf-8faf-34a55944a641,02,01
524a3a82-c132-4c7d-9bef-f56e30cef935,02,01
b274d0be-82fd-4476-95e4-0db96ec2d71e,02,01
8afab72e-5037-4afa-a8cb-6bba422c7152,02,01
1548c8ea-1439-4902-a658-9d8fc86c338b,02,01
1d0c5ac9-5dc0-4b78-8daa-91f8ebcca667,02,01
be5cdf94-c0a7-47db-bae5-1ee6b463ed91,02,01
e7d741b2-54ac-4ec7-8646-049a2ff6cff5,03,01
48e16a38-cb1f-483b-ae26-1b7fc55d0794,03,01			
f815b1c0-b35d-42bb-9ee9-70a7db0df460,03,01			
e69c4407-3322-4b27-8bab-d9f9e8cd7c64,03,01			
1a805190-f664-4db4-9a49-f3965ec1f126,03,01
clhtbeqjniitgottkoppufhu1fl42o96a0rq96g1,03,01
2gj4hk42lpml5n8big51dsel3juleebve9dcjto1,03,01
9c19d31b-a231-4cf0-800e-087aacf5fb70,02,01
3d02a2c7-0c81-462e-a356-ecca7806e781,02,01
ea77c1b5-37b4-4876-9cb3-73b9befb05e5,02,01
aab07ade-1d3d-4b3a-980f-0c3fad66fa32,03,01
03e4fe55-7e19-44d4-befb-a21031b7ffd2,03,01
4c3f1e36-7f4c-4c20-9b9b-b8693a6f2502,03,01
844c114f-c65f-4726-ae98-72e7e1cbb681,03,01
f76a3f08-f7d0-4102-8e38-ddd9204480ce,03,01
578dbfa4-c8c1-42f4-8124-648245662ed6,03,01
2e926950-da9f-4918-8123-d885538e0df6,03,01
c52c39de-b213-4e84-b081-652003b126ee,03,01
4406a5f0-4a1e-409d-8d89-b777d7c7a121,03,01
1e81662f-6ab1-4495-b722-e0e23762ea7f,03,01
057405e2-247a-450c-b884-0388070e1bc7,03,01
b8iuudfjf10khln46sftk0a14f16jbnnuo193bo1,03,01			
769t41hjdrcgibu64u9m11g8m99vjd6lsl8s5v01,03,01
3vh1lrgv8btb52rs4a8478aprovp8m7m3mkjk101,03,01
9962d079-90b2-4731-b3c3-97ceedb541a7,02,01
58354145-d300-417e-bc80-96877cdd8e4b,02,01
8838e2ef-5681-4302-bdd7-9e96d853af4b,02,01
04a76ee2-3c5c-4e74-bea5-c2996cbc5b92,02,01
55ef6f69-b21d-45c9-821c-b6fe41634ef4,04,01
e33cb491-82e5-4c0d-af89-c34a955897e6,04,01
694df502-7f70-47b4-8be2-bc1eb0501333,04,01
df6d1d45-6444-4325-8fc5-70d3d3d5c16d,04,01
d986cc7b-e270-4fc4-9eee-8a89de96939c,04,01
a2f775a6-eeb0-4750-bb0b-42267553273c,04,01
aeaf692e-ea60-4436-88ab-9df71719687a,04,01
73e092ca-73d8-4408-b5e4-8ab683f2be2e,04,01
d8098f36-110d-40ab-8eb9-8e9a4a1e4f37,04,01
80d8d795-c05c-48a6-8c0d-72ff955427eb,04,01
iiqk6ltm6i49q2svvflhb31h9imgdek47jjn8ig1,04,01
jatjf7c9gkefm4inancr4mudpsn8ae87ni41m981,04,01
d5a4eaa8-9a35-407b-bd11-ae4aa657383f,02,01
04754990-0a48-4f6d-8f25-228eceb13b00,02,01
be3c1844-f633-46cb-9273-d6686d67b141,02,01
ec30cd57-9733-4900-9a13-51d60fe189cd,02,01
0fb2cd10-e1cf-439d-aaff-36e508c88105,03,01
2e6ced6d-0bfb-439f-baf0-3e53d7a3d0f6,02,01
455df47a-cea2-4559-b765-d5b1150a3458,02,01
977b1506-cce3-4e55-a021-a0330c14ef10,02,01
b10dcef7-b670-4ce1-addc-273c67a8ddd6,02,01
7868bdf2-0081-4e6a-88a6-2a22fc3bd6ce,03,01
f0f87436-2f41-4d5e-aae3-690e209be905,03,01
1ce9cc7f-392e-4cb7-a0e2-07d8968e430e,03,01
b033cb2e-0933-4668-8141-c35d121f8345,03,01
a64165e9-582d-4ffc-8770-72fad5deda2a,03,01
51626393-5a06-4920-adac-80ed43dc24dc,04,01
af6716ee-9572-4624-93de-5d77e8a590a9,04,01
6813273d-bd4e-4e53-b079-6a064e9c8384,04,01
0a581956-f6c1-46f7-a19c-48581f4bd7d5,04,01
b93102a5-0650-43da-9ea4-3d1e08a363a8,04,01
5f93a144-a8ba-48cb-abd4-d9de326c5acf,04,01
bdbbc23d-97f8-45f5-8d59-aa5289d46ffe,04,01
2c4ce331-6acc-4ae0-8935-a1fed91e2dee,04,01
3baf8efb-7580-4008-9cb4-c7ce58745852,04,01
adbbc044-1b22-4912-92fa-0f783332df90,04,01
b3a9d6f2-4d88-42a7-89ee-d22922d41458,04,01
13be514d-bb09-40e7-b34e-a2ef43640728,04,01
999deba8-1dd0-4ffd-bf3b-9d623637a520,04,01
e94e8871-b253-4f3c-a880-11c5c2946510,04,01
47616dbc-5237-49e9-b9e2-211f2eae7d6d,04,01
3cdceb9d-0469-4774-a5dd-8806653f9ee1,04,01
46cfc1a4-f1dc-4a94-ae90-11805b05e975,04,01
00506aa7-1093-4f91-8b02-38ac8e3531c1,04,01
b19558a8-9c3e-4185-aa40-303560bcd5c6,04,01
24b82459-dfd5-494e-bdb8-1c99e20b1552,04,01
b4e76e91-eeeb-4356-8f1a-071824ebc712,02,01
92ee4433-82af-48cc-a473-77b4a5cc52da,02,01
7d10ddbc-17c8-4d10-bd50-ea1d5e4440d0,02,01
e2ad0d1b-5f68-47e9-9ab8-3cff209889b3,02,01
d1929d83-d3bf-40aa-8018-413d6231f131,02,01
94deb5cf-e883-4e10-b428-1f927c99fab3,02,01
bf9o1akcf2s0odrnrjnfrjak6f97j2ifcdhf3jo1,04,01
dgjmkpu49m31rd789khd0t5n17k44dldf19s1vg1,04,01			
38fen8dr99c0ijb30gfe8jkhu89rhl0k2q6hs801,04,01			
273d7194-bb14-4219-9792-fdcf9e736c94,02,01
110ac47a-6e4e-4401-b2ad-033a518a06c3,02,01
d145c427-40a8-4ab2-ae89-94d6ff849a1a,02,01
5999e0b7-6961-40d7-a2d9-65298220c13b,02,01
cff12484-3b48-40f7-b2a1-353063f3fae2,03,01
pn7aguoqoqnmujhn4u9u2m2s1vn48u44ghgv5j01,03,01
4g6qaekgq7qjjp964fiubcpomhavtqui8ogr5301,03,01
2qdbbh74lkcksije0d8ke4mjr0sp4bgi66ri86g1,03,01
59582b43-b9a9-47a6-a0c2-40b9eb436b2a,02,01
4615000a-8ce2-4b54-8ee3-e491fa275f23,02,01
de646fbf-d78c-42e4-98aa-e5ec8eaf74ff,02,01
fb55b8e0-8660-41be-959e-8bb4c0ab206c,02,01
cd1579b2-08c5-4fc6-80fc-4bda676f5a42,05,01
d7qg3biq4p27suh3eab6l81ikt3eri34kb9k0vg1,05,01
3a68to9lon59v62puhq2uc5dn1cv7fmvurlnghg1,05,01
tafuqqf9e2ve5s7hlvmk3pfrv0cr4vmg5ttuhlg1,05,01
ec39d537-85b0-4d45-85a6-a8f16b5df4fe,02,01
92bf4b3d-b4ea-41f0-bb63-aed7b00e0ae6,02,01
a4ed1fe7-a1ee-41d7-8413-937b7854cdd9,02,01
8377e11b-839f-4c0d-9fe8-6c3bb06af0c2,02,01
ba5b5e20-1940-42b9-8fe4-0736be3cd440,03,01
66u9c7vc4bj7n76h382kmnrn7rfnal4dvsaode01,03,01
ob6dg585ueeiuldodj1rrgi5ee93i8p5pj75qoo1,03,01
is2f64bigt583pruje857c2gb6s17clke0b8beo1,03,01
db751a29-d334-4b6c-a7f4-cc716853d128,02,01
cc2e4feb-6615-45dd-afba-216a612d8b90,02,01
9e55e1a6-efea-4981-ad5c-31492e6b9fe2,02,01
88e9b36b-8f30-484d-b8aa-159d6028f261,02,01
0be72781-cd09-4a5b-9efb-d305fdf7802b,03,01
4808c312-1037-4ad0-9d51-6941b350c4f6,03,01
c2aae11b-64fc-4f36-a202-d3b2eaa59e4a,03,01
e8a341da-6bbb-4995-998f-2f727fa0dacc,02,01
9f193d52-c3ad-4be7-8e80-0a4dedac2193,02,01
d118c048-0b27-42f3-a387-4b7b69722ca7,02,01
0b824a8d-efff-4789-8b84-7d9bcfc996e1,02,01
a488b0e9-2f61-4826-9523-3b27379f627d,02,01
75cc5ecd-78ac-4c60-bfb4-9624c2a9e17c,02,01
b9cb935e-2aee-4b86-b353-49ff49c1bfac,03,02
69e498be-a7ad-4a0d-a4f7-e49f714d472f,03,02
0f5444da-23ba-4255-91a0-e80dd3252799,03,02
dcaeca42-7c5b-4932-bd57-23defee14159,03,02
0192dbcd-44d8-4d5e-9c72-44a215194760,03,02
816e02c9-cf94-44eb-801e-f8d6ec56881b,03,01
9933a0f1-5ec2-4c28-8774-e1831623a11d,03,01
05fefbc9-838d-4a40-9e04-ffa481a7cf46,03,01
e2b44da2-5d7d-4084-89e2-829191d55810,02,01
e5ecdbb1-3733-4298-889e-34ef103db12c,02,01
4569630e-0176-4b65-b88a-59a72a15893c,02,01
3371aaee-0fe2-44e7-b0d1-9e014d2ad39a,02,01
63vgl1cd9bk4gcadp2kiv0u07jend3t12kvar4o1,03,01
2hmerjjatlf6gh3c84fl6euivcdb1i9bn5hf3jo1,03,01
f782kf3d1dgveic17nhpoe75tg6qdt6qrrtmglg1,03,01
0ad41789-b2bd-4490-bb53-32f9dc962802,02,01
d026bcf7-ef32-4721-9888-68c3e86f800e,02,01
23b344b1-65f6-4172-b82f-35d183605e6d,02,01
e02b23fb-7e94-4e95-8f0b-b5b2dfaaf09d,02,01
286f316d-92f9-4039-bcfb-290839cb8641,03,01
3jqha0gcr5kji2e9qe5ijq7i6f97gh5pf03p9ag1,03,01
v6410pe39dvg0r3hl2470to7cu32qe017hsull01,03,01
921k5aq12ct53rosatfudvqnda5i0d8ca20h4b01,03,01
gvjtof8gqt316kv15pk07mgku89rg11odfj7aio1,03,01
lomq7na1p9r3t1usd69c3ug303gkkbeiehfcrso1,03,01
184d926d-6322-4129-8012-1a58220cb293,04,01
4d02c79c-7bb2-4000-9373-75a16c9f28bb,04,01
43fca0f2-6ff8-46f0-88a1-75d9c339639a,02,01
611ec8eb-b66f-434d-9118-f1a387ad6d1a,03,01
lrpo22bohd2hh4cj7s1i66uats7aaslqjpfcrso1,03,01			
7oi5sbcl17qesk03sp4qo6vtugarvprak0a8fe81,03,01			
nfang711sgl46bnnejl1hl96ld5e3k75b6p227o1,03,01			
40000718-7875-4e53-bc58-4eaa0b352766,02,01
e50cff1a-d05f-4f62-9587-660091b5226b,02,01
e936d013-29a1-491d-a5f8-ae05336623d5,02,01
41bf4a96-a773-4cff-8123-34e33a714e6b,02,01
6d5b515f-b75b-4e2a-b43f-8e025ad76f65,03,01
01d664e7-427c-4e67-9c74-ac1e7a369c83,03,01
8b3c3b19-99ca-4a2a-ab23-b2f7f121f8bf,02,01
7efb5daa-6174-482a-8afb-9c5c7468132f,03,01
31c2b016-a8b6-41e2-b14f-ff6fa6ec8382,03,01
98b23316-2817-4bfd-901b-5195dc514fa4,03,01
gjjhkuuf9dikvdn58962gtjc9qngaqpcovumsk01,03,01
4oj4be666rnlvlctiu8j4aoq0fh4gces8aqic601,03,01
1852c0e4-e58c-4e64-bf90-e3ae7582364f,04,01
e07plcekcgh0ulo0d7j0762epsn898sfldfcrso1,04,01
fumj2mr0cn39nsdu3rn3k3unp4k869a6grn7qgo1,04,01
ced30f46-8f12-471e-ae7b-3de083d138a7,02,01
713aaa2d-72cf-492f-8143-035bdaa3d9e7,02,01
75dd8ef3-7d49-4923-b25d-ed0410f47b83,02,01
10a22388-a962-4afa-ba7a-be6bc08562c3,02,01
c417ebb9-ccc9-40c4-ad3a-c50787368635,03,01
2cdd3732-0409-4fe2-8740-9a1b500306b4,03,01
9f3d15ea-50cc-4406-9810-c06c879a2b14,03,01
383f98f6-155e-4305-984b-3bd1556a60bf,02,01
c81vjftskjqbuatfgrt45gskp4k859c9m7mnsg01,03,01
6ah9ot1blk2rctodl38a6ukb6rbnp7u8ri7ho8g1,03,01
jgaomdmiul47h2tra0fe2gngiprtp3l11s7pp8g1,03,01
eptna1u4ma35m4q2ue8b0k4e8uj0qnrgi271q8o1,03,01
ed8a050a-52f6-4688-99cb-d5e653998cf5,02,01
84f06f28-cb57-4c7d-93a6-369dfe573632,02,01
4a5ed730-3d86-46ee-b249-06825836cc42,02,01
b3924e44-fb4e-43ea-b5cf-8680d8e18d1c,03,01
h8fi0pjdnsn4oqsua88fl74b9imgdl1mkn4lkp01,03,01
kb6cme6no05o7hq0v3s2t2jlh5kc549m5ksql501,03,01
rp5dlupnq61faokgdjbgmqltfuf3avktjofopcg1,03,01			
0ec490dd-035b-4b14-b0b2-7c7461ea2b69,02,01
e8d2d08f-0675-4ab8-9845-a5861bd29f84,02,01
2cd4ed10-c0af-4283-b202-afc35d316fbf,02,01
369e9e59-d37a-43ae-afad-88f7ecfb55bf,02,01
a4ed0dbe-cc55-450d-8c8a-fd302e83db9f,04,01
20848a26-d4ca-4234-8c28-c6ca2c0a60c9,04,01
78413435-e1d6-4e80-9fc7-59279c3587ff,06,01
36de5519-a1e8-4604-af22-81d59f5de576,06,01
efce28ea-e342-4956-9a46-08b4a2ba7531,06,01
1afdf67e-1e27-4b0f-898a-fa2dedb704ec,06,01
eade6ee6-d5c2-4e41-af70-5888bc5c967e,06,01
5a66fdce-5f3b-494d-bd2f-c135c8432c82,06,01
bd381074-e505-4ac0-8555-7d6752394af6,06,01
9acaf4e8-6ae6-4a80-a539-a6227e8ec798,06,01
8a134ba1-5f8b-422a-ba5e-3bb63ce2d0e1,06,01
361549e1-6cc6-401c-9c38-7d4944ef4e26,02,01
83860585-1784-485b-af86-0f3aea314529,02,01
0415391b-2b33-4eea-8326-ada702dac6e0,02,01
5ab776c2-27e8-4b93-bc96-dda3c08042f8,03,01
a4237cf4-2824-42a5-acfc-bf2eade6ec31,03,01
ec9e43b8-f94e-47a6-a51a-de9b0a8ea0b5,03,01
c8c856d3-2b71-45b8-8baf-9639362022ae,03,01
b096607f-d0c1-4ef7-a229-26ac41e6b4df,03,01
aa22fef4-18fb-4417-ada7-ea0387ef1125,02,01
59459593-c274-4304-8922-40019295d9b9,02,01
069a7ec8-d1f2-4062-b7bb-dbf4cfe94b79,02,01
6c914850-c94d-49e9-978f-af2bfd34efff,03,01
p3745gf16l3sc56k4qql51hfqsr9p2hm5fo66n81,03,01
a6bbfb68-594e-4316-942e-e953cc1cf162,02,01
c246c6e2-00f3-4cef-85ca-af52106a4181,02,01
e5d1dc59-36f3-4451-ad78-559674b7a4e7,02,01
3871c7d0-3b1b-4c2f-ba73-e9171672f173,03,01
db782c88-5966-4dc8-bba2-1a4feee709b8,03,01
afca1997-808e-4a87-9848-83cff4a37f0f,03,01
2eae8112-e37e-4249-8239-0303eefcf72c,02,01
172a0f44-edd2-46db-875d-1f5bda6f2188,02,01
e5225bae-1bc0-46c3-8259-b531e3347803,02,01
9d2f1af1-1208-45d4-aac4-211a4013068d,03,01
80d42d43-68a6-4c03-b5f6-9b7e8f86fb69,03,01
08a4esilu8jgnh349599ubua6na7vmdl0mljg1g1,03,01
dd715d8b-1397-48fc-a263-f20ea355a7a7,04,01
845061d0-65e2-4669-9c02-863edc4e561d,04,01
vblurkr78adrd2jcmv31h266bet101lqis59j9o1,04,01
1c6ed92a-e3d6-4b4c-b796-e160ec2419e6,02,01
51f27716-d50b-4629-b30d-ddd2c254754b,02,01
d4ca94cc-7307-4666-8226-f07d95f4834f,02,01
7e5fa123-5f25-48cf-b99b-82b35789c781,03,01
ac5jp3k270ukg2ahsg8hfgbfvgerd04jseoi4701,03,01
a513a078-1c42-46ed-afd5-14479b18efef,02,01
dec2d880-d325-4f16-a7db-ab74c18ccaee,02,01
cae54c7e-c5df-4947-8bf0-60b71d9855cb,02,01
dacab447-551e-4942-8559-d8a53491071d,02,01
89ac7151-9b51-4dc7-a4c2-9ef3473a15b4,03,01
675027e2-ab69-4925-bbee-696a2537af0b,03,01
d5ef688c-b646-4739-9abd-4b71ca41d70c,03,01
7n1b52of1891m72jnsesjb7ucu32r3480eh323o1,03,01
3da128c1-1c51-4fdd-8af4-f88f802b05d3,05,01
d6qjgvneomls3hh68apuoe5hihqtubqs7ktqh5g1,05,01
d7aljsjl4ufo8nhlf1dj83odd24i5ijj0mkjk101,05,01
p7o1nl1pc0pgp3jh2hqsrq3ou89rgdsbbbu6uk81,05,01
ug1d4ka5toivl7t5ejag4mdkgpjspts90nlnghg1,05,01
7ba75af1-3e16-4fc4-a925-bd7fa0ac7b93,02,01
7a33f7ba-1c4e-4ff9-be68-4cd6f5ec67a8,02,01
38a43b87-b788-4f1d-a1ee-93cc412c75ee,02,01
9c54e528-3f02-4f56-bdd0-82341f4e818a,05,01
le4qh5sv29u1iqai74l7nqiuj1st68qgb4jbb2o1,05,01
teblkqn1q7iroe13211s5oikugarsccdbad0ido1,05,01
0dh615epa7bjif225fgts8nm3ft52dm8tcpq17g1,05,01
0669dd3a-ee01-4101-ae28-48bd12ed122e,02,01
ba34a1ba-bafe-4d5f-8843-a6dce0408718,02,01
939fe1e0-0e73-425b-aac7-8daccf8e5750,02,01
2edd80a3-3fba-4d93-82a3-8be7d7067bee,04,01
ec584ec7-78c7-4277-94ba-9a1b6ee6cacf,04,01
b71345c2-a891-4905-82a9-b84cd175f3c3,02,01
f568a15e-318b-464c-a839-2d9123989799,02,01
b4771560-f073-42cb-8292-7c9ba3fb1c82,02,01
b27a7d0c-91de-483e-afcf-917c92f27261,02,01
32238081-a9a4-402a-a1c1-73f961bbaa62,02,01
377d3898-1697-4155-96fb-169ea2a93201,05,01
f7bbf1d1-2d61-4aa9-b428-878caed51c27,05,01
a50f5bpgnq06b6sq3k6ptv7p0rjkps6922d0ido1,05,01
gvpiblrroj7fr0pll8v9hjkpdu72a7j097hn0jg1,05,01
db61cc13-b4ee-4a28-93b7-9dba1e74ebb0,02,01
c8a9fc9c-dd83-4f6b-a75e-9f2c5d98edaa,03,01
a7e68419-0e08-4144-98d3-5c2493e40799,03,01
5f79a7ad-504a-4b45-a694-7bd7253c3bd4,03,01
e752b0da-082a-428e-b4ff-7c858b90d281,03,01
5900d23a-0380-4057-8e27-d855638a04f2,03,01
e4489b9a-71be-4c1b-9f66-98ee8009333e,03,01
dc6a0153-354a-40ac-9cbf-03d402d6ea51,03,01
f1e7a8e1-26be-41cb-8015-15465487864a,03,01
6e4c4360-ef2e-48a4-985c-ac16494e05fa,03,01
8ad7f05c-dc49-4910-ae67-ed74e9ffb76c,03,01
6aa39b47-1ffb-444c-bcd7-dfd483b686cb,03,01
va1iv4r0ppt9sodj3rmbrqgka2ohnqsol31l0rg1,03,01
hd18hto1t3mi8d08dlt0rv50i9ptgc49otsull01,03,01
c36be6unfk69u0nck2buo775d24i5gckrj0l4r01,03,01
shqeba5nsccgsr55mbpfqu038qjgp0pvtbknkh01,03,01
ni7c2jtf1s5sef783s52bm3lm18vlf1opo6pt801,03,01
ab24dd28-5b78-444f-9d51-8d48a8698894,02,01
9d868310-398d-4e35-a680-75df16ab8f19,02,01
5e6fe347-d585-4b4f-a431-c8b7e1f0bb86,02,01
8c443107-b389-45fb-b1d1-be6f24f8e84a,02,01
48f73e66-f2d4-4558-b624-a53b51b6f9b7,02,01
664c63cb-05cd-419e-8701-8df150f9fa5c,02,01
991fc948-9c0c-4783-91aa-fccad4c65f42,02,01
0e5f3074-aa2a-4bce-abc7-54bb3a9961ef,02,01
4099cfec-e276-4422-93ee-30248a37242a,02,01
95c929e6-c7e1-4f8a-909a-1ab4f3e960d3,02,01
9fd6e1e1-4a9b-42b1-9093-41919da7973a,02,01
522b6642-de37-444b-a12e-6adf1b21a98e,02,01
8e0bbc6a-ca76-4f97-9445-300a127c80ea,03,01
n55klb6fm6u5vv6bhd1jipm4m58flugqckpa37o1,03,01
1fr7earseopfpjs8onp1rqlmtc5a288cqms2m581,03,01
289cfb7d-cc70-422c-9b1c-b4e93ce42a6c,02,01
0711a4fc-1509-478b-9918-0644cc4e26d8,02,01
c1f95514-c0cf-4f62-b7d3-382d8c25372d,02,01
eca410cb-f2b7-47b8-a0ca-2e83f51bff03,02,01
e8007437-8725-413d-a9d5-315c52be4a8a,04,01
fcc147c5-5366-4bdb-8090-d96f8d543678,04,01
9pv2d7bkte7458b2q7grbum9k10unva084uqt401,04,01
d78ce2a1-2462-4ef0-803a-65d40a189575,02,01
7c6f464c-e00f-4a36-b449-9d2ee19de943,02,01
2ada314d-d5de-4ee1-976d-16a6dcbb6fda,02,01
3e670aa6-8b50-4425-a7e6-75ef9573dfd6,02,01
e3552b56-7690-427d-b1fd-0b69be91dc3a,03,01
3ec7c4c7-cb6d-4ac8-b7ba-64f553462dc3,03,01
cqi07hnrsv04juh5dm8kf21d1blk1v65269g0fg1,03,01
997d36f0-2015-4e9d-a809-bc5ba31ad6a8,02,01
e4c869d9-7fbf-4d09-b297-e83310f6d051,03,01
88649e5b-c571-4463-b35b-7661f3c94d06,03,01
bb1762da-6757-47a0-aed8-d8bcb24e99fa,03,01
31a09200-a21e-41e0-9af9-cade70ba55cd,03,01
41cdf6ba-d622-4929-bf3b-ddd5285e53ac,03,01
42327882-b847-4a0f-8d09-b58e363fb82c,03,01
36c5b5c0-dda9-4e1e-84cb-db78f1d70dfc,03,01
43908a2b-ad93-47bb-8d3b-733dc3375b3f,03,01
d0ad9b25-d2e8-4a0a-88cf-9659a7b8b24f,02,01
1c256a21-4764-41f6-8801-abc391cb6553,02,01
87830014-1b23-4eee-a9fe-6391a8878b29,02,01
94c16e25-fdaa-4618-b521-0496326de963,02,01
6efd6473-7b04-426d-9dfa-3190495cc857,02,01
bf50886c-180a-4ead-af60-5b5ab017dbc3,02,01
12e92a55-deb7-417a-8f76-900752fcd6ce,03,01
74dc7458-462b-4d1d-b851-ad89b744dbcc,03,01
e6d7cc56-b921-4706-9571-35e9270f4f77,03,01
2190d3fc-cfa0-4d92-a6d5-7b3b0973cc6e,03,01
fa7bada4-b505-47a1-8b26-f4dfa6cdc5dc,02,01
448508cd-707c-404e-ac86-9aeb02225330,02,01
7b19290a-9335-4cbc-8113-84bc978b7a0a,03,01
p41n2frd2cbeo8nmmb6drtt8hhmsedq45gpq17g1,03,01
opqouql5iad0a09a9v6nhup4aep1j5haiuuis401,03,01
9d485476-7444-4438-9c5d-9b539bdd4916,02,01
fe8c472b-3696-4af7-9000-977eb8b3ea4c,02,01
9f6b0c4d-2471-4307-b975-b2ec9653d1e5,02,01
b3ec9fa9-59fb-4bfd-af38-653beb77b098,02,01
39ad2ea3-dd0e-4cd5-b86b-784c47091bee,03,01
bb4n63uk94a782otmsl7nnpf03gkmitbpbmnsg01,03,01
31nqe9eq89lv650190ibpurfe28jlekmujn7qgo1,03,01
5706fd1b-e9f0-484f-bb97-7c2fb0df3ea5,02,01
38f611d3-8cf9-4564-abca-6998d4503daa,02,01
15d59f4f-ca46-43ae-b2a3-f1c0d57ce200,02,01
36982021-a8ef-4188-be05-306574ae1d30,03,01
5e680d2a-cc4d-4497-af3b-b4caeb1f5419,03,01
9a4b4937-f9b8-4121-b81f-77ef6b1d4c52,03,01			
776d986b-3b56-4f88-8c26-a24eeec50d49,03,01
5e57761b-9256-4814-b067-529108e2ac86,03,01
f504f826-1bb2-4762-8711-d44d9483237b,03,01
ebe7f683-791e-46f2-b5ba-8d2cd76fe256,03,01
2nimau0ba4k4gr8cs0c0dbsj5j6mesecc7umsk01,03,01
7n0jk5hhqse28epenmm3d1oqm18vkdkn5nj7aio1,03,01
1c220e54-aff4-43ce-b26d-4a20ad379ead,02,01
850143d2-2603-443f-9423-caa652ae879d,02,01
fe1e5e50-b5c3-4e96-bc35-254405d64a00,02,01
ea40ca3b-1a27-46e3-a8bf-0f963471e567,04,01
a9993fcf-2b21-4638-a465-a295f02c0058,04,01
5mjin39o8hm0e72sh6um9ma5sk2auftbl53t9qg1,04,01
kt75e13ssbrj1hc8ge2fr0n1psn8bprn4r152ro1,04,01
4b4d59bf-9f74-4c34-be49-97684121c345,02,01
2dc3e321-25aa-43e1-a81f-d080d25cd6b4,02,01
59ea0cd3-20d9-4ec8-85ba-155e2df43e3b,02,01
85265152-c0da-45b5-812b-995c653ac87f,02,01
58e54144-80c4-46aa-a5e0-6476b1f53df6,02,01
baa76e50-9682-4f65-9f5d-5e494cea51f2,02,01
35e1444e-b677-46da-9857-de2f2ee8b5fa,03,01
29e9b542-f9c5-45c8-a528-a8726e3d44ef,03,01
b2r9pnkuq8hbhf6qn3kab25skt3eo7309a1h0bg1,03,01
ev9kjbh6p2l0lvbt5eehbbjro8hoj2b554qaf681,03,01
07ppgbj5sqr99hnmdkoitjivsg2qshnvhjtmglg1,03,01
m3gb9dff8bimp4a618jgadt3qorpo4tfed2dfq81,03,01
40808fa1-ba32-48f5-ad6e-780043540762,02,01
787b5a54-8ba4-4e65-93f0-c78d9bd00884,02,01
4884054d-6d2f-4ada-9c1b-bd00211db8f6,02,01
25ec405c-0830-4b59-aa6f-239b3b220dc9,02,01
ba5a4b0a-76dd-400c-b1fb-bfb6ee4ab0ba,03,02
3083b300-ff84-4c3e-8b25-5429ce51b799,03,02
6a89af35-255e-47d6-81fb-f22eff177102,03,02
3ff4d8c8-502b-40bf-8929-6be99998afe5,03,02
f151d2ed-6b48-49c6-a645-285a48d67fb6,03,01
a3ff5a63-27d7-4813-b43d-5136b09422a9,03,01
4f54cde6-601c-49fc-9525-93f93254469b,03,01
f303eaf8-119d-4d43-ae9e-66a9086e352b,02,01
b5cea9bb-e10e-4849-9a9d-a05ba94e2318,02,01
3a936767-5610-4e74-b578-dd7cff7ba6a7,02,01
324d6068-7b3b-4a1d-b88c-7ab1cf872ed5,03,01
fb5781ee-1723-4300-8403-52705230f579,03,01
l5fpv1khnauv33b2qchpmncc6rbnr26itklbj1o1,03,01
7cb6q1ide4evk7j2ospheeiv8ahgivfrj6t2i5o1,03,01
731f7ed7-20f9-4cfd-be61-df7a4d4bd19d,02,01
87212463-234d-4679-b0f1-7b9c2046faf2,02,01
779f5230-de40-4767-8bdf-d1e9411f2ef3,02,01
590c33fa-3370-40b5-b397-d8927f2275f0,03,01
3810bc69-eff5-4330-ac37-48f0f676e1ae,03,01
2g553fc9286oo8dihlq4o8fmukabsmkf2t6tto01,03,01
s34vme03n8jqeaujgur7osd0mhavv6sag8krl101,03,01
rlla7dsq9utqvgq08en38dcdd6427vnfb94dnp81,03,01
i0q5el7u6ukbc3tp4oi75s0bbet12j8sr6o26781,03,01
0bf06c24-3add-4c8b-9c3f-0302378d54b1,02,01
d9809b46-400b-487e-b8a0-d51883612b8c,02,01
32d0d3a4-fda3-4d5b-a7d5-32e1bc8a11ac,03,01
cafca209-7e84-424a-87f9-edd5846c579a,03,01
056ec003-5d4d-49cd-9ff1-0a1b4d8a5583,03,01
1gpqnourqira0uqhp5ce4aliiprtoo2pvib0aeo1,03,01
grkhj3ghg45q8kat28ft6pc9s81qh4vdm9jv9ig1,03,01
890f0eb8-c794-453b-8f43-a30b9bde2e40,02,01
bc5d27cb-eb8b-4898-8305-9d48ca089bf1,03,01
9f05735f-69c9-42e7-a921-ebec0dd84c85,03,01
3096badf-a854-499a-83f4-e9f79dfdce03,03,01
255b836f-9dce-41ab-9970-d7d65a80d015,03,01
df85bc5f-537b-438b-9431-dd94958b65c9,03,01
6a62471b-3a77-4def-854f-64702983d4e7,03,01
2850ac6f27hq6u1bbe3tvmj7iprtqa3ia2bg8eg1,03,01
osvb1m3d59vn8567h3fduc9q4n26s6kskn25eq81,03,01
4eac8f2a-5677-4e5e-8035-6a0ec637742f,02,01
c2e75c39-e15f-4fa2-ba36-d4b34b4bacea,02,01
02184770-932d-42c4-ac30-f8666be818c8,04,01
f46c1fc7-b07a-4033-925b-b3909bbd9020,04,01
cgjf0d8khim5i0uv3c8a1cek4n26t2iqc1kvlh01,04,01
q41bhg4t5tnd2qbr80b36jbp27o5kfgl38krl101,04,01
kiqbh2kic3ao87r282qni320pcl81dp5rmr2a6o1,04,01
t0peh9e6deqg64pb1t6mk4uffiejdqvpdo9o1fg1,04,01
suneh4iqcu8b7gd6v5f0iehpa6o1m135ip2tdq01,04,01
ecfbp1d5j5cn12qkh820fdokogiovlqk99qudm01,04,01
8e975e09-9fd8-4de9-9bc4-f3553c250f0d,02,01
b423fb88-707d-4142-8d09-e2bb74f81f45,02,01
1bce27a2-24d7-443e-afaf-400085a7b7c9,02,01
64260d9c-3407-4cdc-b863-d6c624d5b71b,02,01
a408b832-7293-4229-b3d6-753b442599c0,02,01
b34262d2-2d7f-4942-9d8f-2dc38ea9cd48,02,01
d68d2853-ae05-4306-b661-e4ad83acb807,02,01
7026bbe1-aa29-4faf-97e8-67f0e4cdaecf,02,01
39cda0cb-c5f9-452e-bcb9-e005d7b3c2b2,02,01
e49311c6-ea63-4ce8-ba32-296ffbd37fdb,02,01
ac1935b8-0278-41b4-8034-f3f1b60bb838,02,01
455b8f94-c9a7-4227-a2ce-4dcdd07fa460,02,01
96cf6afa-90a0-4c23-abf7-a2aa979752fa,02,01
ece06fb8-9a57-4708-bedb-53854d37cbdb,02,01
6dffc62c-8cb6-4697-8048-9e7715608a9f,02,01
0ab98c21-3291-43a5-960d-410d80ea2f85,02,01
b1760d6a-7ae0-4740-a304-3415a19a110e,02,01
d3289275-e206-4791-b4bc-7ad96b0a799f,03,01
95d01932-7a37-4a58-83ec-1c8777f5a509,03,01
d7ec1220-24ac-415d-8271-dc944ee78007,02,01
05589f2e-2b2a-42d2-9c46-0c752aa83d5b,02,01
151182d5-3d60-4ee5-bc1f-8d01e68fafdf,02,01
c132a3f6-0f64-4005-9ffa-0894ee374f6f,03,01
cfb5ef89-0d1a-4d6d-80d4-45fcb04517e2,03,01
b6e8e7ea-fded-4ccf-8a99-11469979a986,05,02
6f174456-6135-4b1a-8f31-b75c986ee7da,05,02
8aef8c85-990c-49e3-b24e-e21e546001ca,05,02
3043e622-8d1f-42d3-9718-3b672df4810d,05,01
c8604035-c0b4-4023-b0df-f949e7f24284,05,01
54618bc1-bd31-42d9-98e4-7a4d8ebab6ea,02,01
3d4090d0-aa9d-4fc2-8c84-ea4d23719f9a,02,01
8fd190cc-f884-4fe3-9447-ccfc7499f4e6,02,01
5ae8589c-5ade-480d-989f-1ae556f8f23f,03,01
86d079d2-6ace-4a59-9349-bda68fe24c0e,03,01
4tu2r0l1ff9of6n3urkaabp37ne7falore7ho8g1,03,01
6c2c6d59-3eea-464b-b3fc-cc52108c92f7,02,01
fcda4c45-c417-41c9-a57f-5fe9950f7cc3,02,01
540a7ae1-52eb-4ee1-82a9-feb6c2182ce7,02,01
e95d67ff-c7b7-4ede-b621-ec4c59adf8d7,03,01
583b0f50-9dc7-4350-8e3d-dba9e4502fc6,03,01
e9e65279-9ed3-4e54-9ddc-4f6cf5e85e9e,03,01
13ea7d21-289c-4bda-bee5-fd216ace1c1e,03,01
c41726f1-478d-4e64-8177-b27f425dc6ac,03,01
2d953171-af79-4a44-829f-838f936a7aa5,03,01
36dc1024-ea16-4464-83f7-5a19998fb49c,03,01
e3fc5780-f63a-4fb8-ac7a-f0f494c6fb85,03,01
59eb3c90-f7ac-4a78-bc2d-ea0eebfaa34d,05,01
9f5e6896-dbb1-4fc2-bba5-6b95ac4338ad,02,01
56a5b34e-e057-40fb-85b6-f1a342a757bf,02,01
10881945-bd15-410e-aa53-74914cec9ab4,02,01
aa506ad5-30f2-4016-beb2-10907f36aa46,03,01
86f223d6-8022-4ab2-b12b-e704ffd8e429,03,01
cde85310-34d5-4542-9e01-cc15e55e8aff,03,01
3b31cf69-d16e-4317-ad7e-9c1c7736f6bc,02,01
24e1d29e-d012-4cf4-8f8d-ff5479a61328,02,01
99115aac-f177-4df3-8053-7cc2206ac764,03,01
e601ab5f-09b6-4ba6-b1e8-1c4d63147363,02,01
8bd751d8-6eed-4a9d-bd6c-de537719ab35,02,01
510b3ddd-5250-4e5a-9f50-b04bafd1827f,02,01
12326d0f-98d8-4cde-aadb-7d9a88947d2f,03,01
ecaff70a-e89e-44d1-b48c-018b61df3c37,03,01
qqbk0aspcqm20h75pjvb71sc13kk76mifh9c3vo1,03,01
k1ojtigb2l2eouu0gfc334s12jqlu1sco4lrh1g1,03,01
8cf55d69-0fd8-43b1-972d-28c33e54f8da,02,01
7d1c859a-2eb1-4ebb-a0cb-65ba2e5eb017,02,01
6edab7f4-f507-4b9c-a9ee-a0b23f80b3e3,02,01
3a193202-06d1-4e2f-ab55-77d6c316f352,03,01
ed154f29-221a-4e58-a108-bf7ca92dd743,03,01
10234fe6-7b82-4db3-b081-f526e90ccec7,03,01
518f94dd-32da-4225-a479-a21067c772b6,03,01			
70shggjlnrdvob16me1q12mgbet118tcqnnnogg1,03,01			
d2sehjlb83svpbdctcuss30aosj8pfnl0rknkh01,03,01			
ce4qq3tnp0ltfcbfh0j60g0lema3vki880qaf681,03,01			
5d665221-3213-4103-91f7-6a72a9a12f2f,02,01
fe277068-af26-49f8-8980-fdec28f4ba25,02,01
9b67a586-0635-4b76-a421-cf669c4bc710,02,01
2902ea4c-1a5f-49fa-b56d-27605c739902,02,01
3f618f8d-8b05-4813-bc90-8a8bd8cd4540,02,01
86bdac84-ef10-4aa4-b65f-ee0647d4cf88,03,01
e22fdbe5-6549-46b9-8f39-6a9a8ad7a782,03,01
0nc9jc4gv5sa30f0rdrfjql5tc5a0rifoe806f81,03,01
srjcbuaeauuos2647t2a0koma6o1klpr7hru9mg1,03,01
ssf8nu19826intb2g2tfjvcq73cn6fii7h3dbqo1,03,01
33246683-50a2-4c2a-bff0-1cb13157900c,02,01
600fd394-f307-46dd-b19f-e389b005a993,02,01
3e561bf8-59ce-4698-a83e-27bdb328d7cc,02,01
prk3alnqpt8jmksh1aub2fr4tk6aejvhi0krl101,03,01
1ac5f32b-084a-44b3-886c-dc31bb7308e1,02,01
9d901ddb-5e5c-473f-a2e9-d7504b8254dd,02,01
3613a4b7-4643-41af-9e50-c21b7d281603,02,01
19084b54-ff42-432d-ad40-088793cc83f5,02,01
243d0990-732c-42b3-b4ed-6896675659cd,02,01
1fd5f2de-a343-4a1d-abaf-9014d6418571,02,01
1da399cf-8fbe-4483-822a-d1af2b9d7331,02,01
7062f751-d15e-4cdb-b75d-f2eb078059b6,03,01
55e0486e-8acc-43d5-a81b-e8824bed0323,03,01
1qbc5hu447ntv9bvu91mfq9l5v769fflb38k4v01,03,01
g80489342q9f8tbom9d068mf7bdn2ad2r8sql501,03,01
e3bcbff7-0acf-486f-8ddc-c156caf48b82,02,01
dbe5214e-f311-44cb-a6cc-323299e5554b,02,01
63ad4162-4163-4971-9cc8-4abc26b10b28,03,01
l31aira142c87j34hu75d1gt0fh4gnn2ql6dvo81,03,01
4beb5858-a0c5-4d50-9745-7e3a54373645,02,01
cbe491ed-4dd2-430f-b8fa-985eb340e67d,02,01			
6b6a2b2f-b237-412a-821c-e60f0a7f2580,02,01			
ec83b98e-0370-4cc4-a1be-a1b41f7755a2,02,01
4098edda-2b45-4449-904c-428026521785,03,01
3485c862-9c90-4b62-b6df-97fe0c1df98e,03,01			
cb57262c-13b4-4e67-9263-998014a6d630,02,01
21038743-a74c-4fca-91ab-fa2524f95aa1,02,01
ea2388b0-577d-4b69-bacc-28451bcd9e0f,02,01
e4ae5dc0-eaaf-4234-bcfa-675b2d8d16b8,03,01
751e37eb-2af1-4ea5-96b0-238695a3d259,03,01
457vqf10j0lm2mm9nate9h0leqbjr1eha3hn0jg1,03,01
lcnmiuldvgoko4kpnci2v5it6na7siepbff4qso1,03,01
5rjuujm0idnrsh2n40e8mm7jukabv42305hf3jo1,03,01
6e20e289-48b5-4c20-a001-b4ef7b155c9f,02,01
abc44650-cf3a-4d26-934d-2258394960ab,02,01
73e5eaae-4ac9-4da0-a856-9d84a70e21ff,03,01
ce17d0d9-3232-4167-b1c4-c4d00e9543a8,03,01
u3sbqq2em1san6cb6ob9ockhh1ks4km7eeri86g1,03,01
3a8a06b1-3d1e-44d2-b4ec-fe147f236624,02,01
ea7ad225-2eb1-4f91-ade2-151cb94666ae,03,02
03898653-e4ce-435c-aaa9-490d25f3b286,03,02
a2550d0f-a4d2-4101-8a66-c6a21d107b99,03,01
2c0bdd3f-5202-4fb2-87ec-452c2c0219cb,03,01
35949a56-a645-4ce9-96fa-7ed15c0ee49b,03,01
5eecff9c-c4fd-4de7-8830-47bb0b7251ce,03,01
hnv3rssmq2je2u2ksuv4mnpsg1gsmsp7m07pp8g1,03,01
7lg0aumm5si4go1vq7vkber53ft50pvm5nckkt01,03,01
t4sr98od7mj7qj4l9f1u21v1c602nv1i49ecvs81,03,01
c40a6969-9534-46b2-93db-0e347fa37f6f,02,01
db42f2cd-c7ef-42dd-8e99-9c2b043c26f0,02,01
5e23d313-d913-44a2-8915-0bdda5c0ea01,03,02
2f99c48d-146b-451c-ba81-d9180f0e0aaf,03,02
njra6ajmne23br4qdn21dvo333sl7vpha7nnogg1,03,02
ekatmu7v8f7q5tvn58c4tqfkosj8p85bem61u881,03,02
t57cls9313hsephcuo91c4tmt85q099e0fhn0jg1,03,02
086bd1c8-b079-4b33-bc34-9b4db6908749,02,01
85984a0d-cac7-4ed8-ab45-7281310b3fe1,02,01
79eca07a-3927-465a-9d52-5ff206f55739,02,01
ddd76744-b56b-491a-84b9-dcdf9fdaa6d9,03,02
8fec0c8f-e856-4497-8d58-42f18eb1b513,03,02
ce4f32c0-70ba-47ae-b2dd-95eca97016e8,03,02
69a5dfb3-e5c8-496c-993a-4e8ef7981bbc,03,01
910945e7-3467-4538-8d48-cb1fd04d62f2,03,01
tljiulq1ej92a20au1rh3vj4ilqdtsnotcoq5701,03,01
e18maalpq18fcp9remu0gshb6na7v9sjqlecvs81,03,01
vt81iu0ajh9n3qhs2v5dirsjlt7eao395h5djpo1,03,01
78136d52-5fb2-4014-b912-f7778dde66ee,02,01
012755f5-5a09-44f8-85da-655b5e977f1d,02,01
20693dfc-b8ac-4c74-b9c7-530b5eaa9738,03,01
e4725eaf-c139-4599-861f-6bbc04bb6704,03,01
874f4dae-ac09-424a-83a3-ee6c7b269c86,02,01
0b5a8c40-8d11-4c49-85c0-f028c05951c4,02,01
2e93b702-1bfc-4113-85dc-3bf4156112ea,03,01
e1562cbf-124f-4d31-8dde-e02f020f2f0e,03,01
m6l3pl0p932jc19iu59guihki5odktloocf8rco1,03,01
tjlrvqn60r8pckq95b6arq81aaphid9unedggdg1,03,01
26rcqmvmnccuui2hc5ctsohbhdlc3hccd3i7ei81,03,01
9pdgdj4pqilo81kcikoebvbn6vb7ru4cdup227o1,03,01
e0362ced-dc9c-445c-b13a-314ae99760f7,02,01
46afbf4c-4ced-45ed-834b-d67fae0a308b,02,01
618372d4-1e7d-4467-93f1-e231d1e0af38,02,01
fb71b408-151d-4a97-af6b-6d3c059ff906,03,01
4b4bfca7-fba6-40eb-ad2f-4f72d987d521,03,01
i8k0n1s6q7mgchac49si18iv3vv5f0j31ik3m181,03,01
3cr4sc7q660t0la13iv702u70rjks6pqfpuevk81,03,01
1d83ab86-4167-4b3d-b938-afe2449c8b73,02,01
115c9039-5b13-440d-9cd2-4da66edc98d9,02,01
cb8ec5a9-24a5-450a-a47b-9a665cff9d29,02,01
36807e38-0e80-42f3-9346-f0342afd2e23,04,01
c63cd116-234e-4a0b-bb93-ba1c73ef4995,04,01
1jdiikcpspl4m9ikn1ilo4jrg1gsg7fvf671q8o1,04,01
guht8glqbvfpahev7kairi3rfqfjcoq3aklrh1g1,04,01
dc2263e6-3ab5-4bb3-b6c7-1557f6b899f5,02,01
d5f6eff3-749a-4167-98c1-9b896389e9dd,02,01
6aa79c1a-1b08-4173-8d23-1771aa693a2a,03,01
b7b686d9-4b84-4293-b51c-cdd55f309e33,03,01
ffc82551-0550-4520-976b-16e82451fcc0,02,01
9f444ac5-d65a-4aab-a7ec-2e9a282ee385,02,01
e8625c72-66b9-4b78-aa49-60875f56e332,02,01
54ddcca1-15a3-4688-8b31-3957047ea037,03,01
6f4709af-c7a4-4e90-a12d-6ebdb8c77827,03,01
v76s9g8mledfk5ma56iugue8h5kc3hkb33e4us81,03,01
0ej1k7etl04hc1k649sl7jb4mpbvqdfcs9hf3jo1,03,01
38cc91bc-40c9-41ca-b22e-90c6a4db6dd6,02,01
2c6b5df5-fabc-414b-b9a8-52354e729889,02,01
c1a0350f-cf70-454c-9402-c5b9b495511a,02,01
9d0b1b17-639b-436f-b403-4ca5b3646352,03,01
a3845190-acb0-4ab3-8992-15b307c5081f,03,01
5283c98a-0572-464d-9c30-93430cadede2,03,01
6nos9j0gur0caabu98rv8g44ca1ilrstv4887f81,03,01
hjqhq1bvhdv38g1b9kodj024q0opma1b0k39bao1,03,01
m5c3v4hpsl16mk20oiihelcjr4s93m2sqn25eq81,03,01
6fb192ad-4f16-4565-b6c8-ed433d5ce840,02,01
9043ae11-15a6-47ff-a101-3b135a16879c,02,01
2151af81-b3a4-4a5f-a7f8-8448905a8f8a,02,01
afae6251-3a08-44df-9c03-31086f3bd1ca,02,01
aa6c73ba-6b5c-4213-b101-b88529ab08d9,02,01
9ff8d2dd-973e-49a5-aeb7-22ad3c544b65,02,01
156d5997-2686-4fbe-9448-ea815e1e6ac7,03,01
bc23011c-872e-49ef-a77e-f761661a6299,03,01
049581f2-d08e-45e3-ac33-6c3ca723c2f4,03,01
3d9e25db-4c63-48a4-9c5f-3916d7e18849,03,01
keqs8i47o1tt8js8an07iraikh2uoeerfp2dfq81,03,01
58vuplgv0dg4viug2vkomc37j5sd3156chivdi01,03,01
8f9c8a13-4a27-46e5-a13b-f7969dbc2f42,02,01
82121831-7eea-4413-886b-82ec33c6941a,02,01
ae2ead88-1c87-434b-ac86-0037fc4fde06,02,01
d112296c-34a7-425f-9328-38c108baba10,02,01
1a34b195-5976-455b-ad3e-cefb076522d8,02,01
b3e53ccc-20a7-4221-be3c-12b40db6e450,02,01
80861c3f-677a-4588-991b-5bf15550011e,02,01
8dfe145e-5bea-4ff0-bdcd-5b4e2377e704,02,01
b41ada8d-3129-4df0-b37f-9ef2a3b7e73d,02,01
d25a57a8-a660-42dd-b3f7-652324508f0f,05,01
0eac8451-48ed-4e12-bd2c-ebe2b3a30802,05,01
42b6539a-f9b1-4c0a-81b0-086863af7995,02,01
f14be481-7e93-4ed9-81d2-8e7c532a84d6,02,01
ecb87dd1-960d-4090-aa03-805ab4d2a4ac,02,01
c6fa330f-0a33-47fd-b188-a13ce54374e4,03,01
8c6a948e-152f-4af9-ac13-38ea843f2c69,03,01
8f73f1f0-53bf-4493-be67-5951c6d18aee,02,01
9b8750f0-237e-4062-824a-ae35197d2b41,02,01
e2d0161e-cb82-41ba-913f-4a46a7da5ba5,04,01
c949ad5b-90dd-42a3-95ec-56425c3ac9f8,04,01
ecc65f26-d3f5-4be2-bf8e-9e558ad2b19b,04,01
e942c6bf-ed64-4476-96c6-3c130adcf5b4,04,01
2a072af6-d4a5-4fc3-af9c-d92ae8610fad,04,01
f4343609-cb94-48cc-aecf-b187e1e7c6b0,04,01
u3uc9hla38992vtvbrdbofrtfed37tk4sp6tto01,04,01
affo6ul0curudeprnv0tc145ll6eb88vs0aode01,04,01
427bba01-8b01-40b7-9bfe-1543d0ce2a4f,02,01
625b2357-a359-48ce-a36b-5b7d26100c17,02,01
5070134d-15e8-4c07-9de6-92019f71faa5,02,01
eef6fa7c-ac63-4019-b42e-0db718bcb4fd,02,01
93c25813-4e6c-4a82-9eac-b9f0ffc305e5,03,01
72ea1cc9-ff85-45a9-bed4-8c2f88318e99,03,01
fa60bc06-5345-4cc7-8e6b-de9c61ba4b68,03,01
flngrnbian94tehsphb8bm51pcl86j7a215djpo1,03,01
iqvo7picomdrfc3ivi3i36aliprttr95llests01,03,01
c9c7eb4d-d9d9-418c-8864-0f66d18abb5f,02,01
62a9a1f9-bf70-4d97-81b7-fd9378ae3d83,02,01
3cd61b55-9d57-4ec7-82a3-bdbdd171faaf,03,02
b00a0546-0b07-4dd3-9a68-53246aef5016,03,02
5c8abbf4-71b5-401d-8fb3-57fc234afb5a,03,01
5e8113b8-be66-43a7-856a-f7b1a8c6ccc4,03,01
cf48c8e8-0d4e-44c1-b380-fcab22e6dc79,03,01
df606a2d-e3ee-4492-a060-0ff254da1c20,03,01
6c9eaa82-1d0c-4b30-8705-3169729b9ece,02,01
a76c6a8e-6814-45f7-a378-421ebc655e3a,02,01
c02304aa-f22d-4585-8a0e-70b9c83bbd2e,03,01
449c47b0-3e2e-4f52-b676-0abf2365981c,03,01
a3716654-79e7-4de4-969a-f1e198e0d2fa,02,1
9e35f5bc-b0ca-4353-aa43-0cd1d4d716be,02,01
1a0fc32f-dd35-43f6-bca0-41c1913b77b7,03,01
ef314789-1c40-4975-b333-ba7d9bdd6339,03,01
h589hl8u2bch5fs3ftei5iidsk2aqrbrpr5lgpg1,03,01
5ac546fms3hkfktl6lc349bor0sp1jspudnfrgo1,03,01
7de7cfdb-329c-4571-b207-a7fc147ab946,02,01
2daa6009-e2e5-46a6-bb6c-484437f0cd73,02,01
0eb173a2-af6b-45a1-ad70-b72110cf9681,02,01
b9651031-ac99-4cf8-b07a-f2478f3bbf87,04,02
e28b7c05-9804-42ff-9a51-a3c775939d51,03,01
a05d12f0-c383-49de-815b-e5c3680d3ec0,03,01
ca60f62c-18e9-45cc-9389-a3763298807b,02,01
17a4364c-7179-4f0f-b134-c6e831881544,02,01
ba75f855-f4a2-49f6-9ac9-f9559a443cc3,02,01
2d72771e-7623-4a6b-af06-01b157d653d1,04,02
c978f327-fd06-49ff-8a01-6599eda169ad,04,02
72d10d1a-fb83-4506-a0df-573da680b00a,04,01
c5632556-0e28-4000-b2ac-f3beb4d0e46b,04,01
79gp5j9sk4465dkvp3bhpmea5v76f1kborhn0jg1,04,01
n9mn5qols7eln92te9t33fq8t04q1g4fc3l7iho1,04,01
j6n6aqv1v6q4a948e9uulicr1fl404thi5cslt01,04,01
ogmgfpquanuqsagtmhe3mrbd5b5m10uj2ioi4701,04,01
f56589d1-b098-4167-b2c6-ed861a2f8437,02,01
1b129216-447a-4e17-a857-d0f71a003dfc,02,01
3d2f457a-3251-43d8-94f1-5095eef81a23,02,01
f6aa0a79-f30d-4541-b670-233e8cb9508e,03,02
0fb2dfe0-8cc8-4199-bb9c-ed353d27ac10,03,02
6f74d7f5-803b-4f9c-a619-b987b9320011,03,01
4ff4cc96-d062-4ddd-b146-e9f1963b377f,03,01
bc5ee399-ec04-4beb-b77b-d0171673588e,03,01
d1481258-fa46-41b8-a9ae-d9527139285b,03,01
4945ec19-b31e-402f-8a32-3fd5c8f7b57f,03,01
aba0d358-599e-459d-a875-e39c2e825cfe,03,01
640c9926-4500-45f0-8e7d-e920fcf6e210,02,01
d1f5df26-8d66-4d06-9869-d4bc527fafce,02,01
035bd1a1-fe84-4910-b659-4c6cdc61ee12,03,01
8ad82f31-e502-467c-ab3e-6c3d4b619306,03,01
04a707f1-e22b-4696-ab36-e25b7f2bdb0f,02,01
e8e3a49e-07a7-4ad7-8c2a-cf4c85f99671,02,01
adf0eb89-2c22-4081-a57a-5c604ab6e3cf,03,02
dca64712-a1bc-485c-9faa-12d059b789f3,03,02
131ae750-5bfd-4e51-8426-792119c67c74,03,02
fb4c0059-f31f-4822-9c27-0a99854e9659,03,01
eb61e86b-8ffe-40bf-a33b-718689fda84f,03,01
f98cb4db-1809-44b5-b4b0-91ad34601ba5,03,01
8difhvvl7abpou2c0m7i5tn7mtbfulhnv8pa37o1,03,01
6vddmlitsvaf8pig1kb9icbo0rjkspm40uagce01,03,01
ltu239em5ik5etncnsgaj7kv4b1miqcaiunjo0g1,03,01
jjnniqnf3dn9p90kv1ul4crs8ahgh8onvc887f81,03,0
anbolpsnabpq80d2c9nt2s5mm18vlf1occ983fo1,03,01
f4ce4efd-0dca-4f3a-a946-2b9b67f2892c,02,01
7c14962f-03bd-4770-bf1f-8e5454833a0d,02,01
80355692-0f75-4a29-be75-c751dbe52bb4,03,01
e7b08f7d-f436-45b5-a225-ca54765ac41b,03,01
3b5b524b-c53c-4c89-be14-35cc0145310d,03,01
omikcp5kqnakcd207or88ef8o8hokhf0mknbr0o1,03,01
ud7ahdrlo6dah2mibdkf9ejgdi6i85uvu3ckkt01,03,01
pu9gei4cvdfhugqppfs1hsa4nhevemsh6kc8nd81,03,01
1d06b029-5047-436c-9256-bd58f36daa30,02,01
deaedd2f-63ef-4ab7-a3e2-f9d6c3f9263b,02,01
3cb4e93b-10d9-496e-a421-dc2f7ca47a2e,02,01
7d473014-66b7-4d1f-a2a5-2754896ae87b,04,02
4c9dcc88-ae0f-4adb-888c-57140ec4e8c7,04,02
ae55f18b-8462-4bde-88a2-7d33971e0076,04,02
e7f94d8c-571b-4df8-ad60-cdee7322797d,04,02
d7291a85-19c7-499f-8925-952d11b09341,04,02
8c04976e-55a0-497c-a743-9bbbc37baecf,04,02
dcb34d9d-6844-419f-ab11-30a58eac46bb,04,02
4f1bd88f-6acb-4a1a-82f0-caa62ebf5043,04,02
68c66d49-1363-4287-ab06-8f5537c2b3e8,04,02
7c91176a-5c8f-42b6-9b16-a8b34aa716f7,04,01
d0b6593d-f751-4165-a153-c049b8f1eb82,04,01
888a9a6c-83b4-4381-a630-ec2f57c94e94,04,01
fd5359cd-dc84-43bb-9ce9-842c4ce4b4bb,04,01
ec495pht7fpl1ed09i98a23jhlmcbq31sntmglg1,04,01
vv95pat5820jvn091jc79mbem58filoonvmnsg01,04,01
i4dnuu6g2m03cho3lbmkutg673cn6tlptbsmkl01,04,01
g9iosc4eg2kmnj7ojroaaqmbghisto9mncgb7381,04,01
l2dn9v2nm5rd7j3pbrtnpd4p8mi0v97c7kdohdg1,04,01
b0gmejscbks94ut3tevjjehs8uj0qhl7thccnt81,04,01
2de33387-1f42-44c6-bc9a-858083670b40,02,01
3977c0a8-b6ee-430a-8ab7-a15cf3dec883,02,01
5e0db4c0-e932-40a2-9c08-a7a1dfa97685,03,01
a9ad8b06-816a-4e49-b5fb-4f608ac2a051,03,01
c60148d7-3b54-4bc0-9e13-b09fd15e9194,03,01
7ab8prnjno681fo45r5n9p01d6423p4m5dverko1,03,01
s2nf5ulemjs04tk7ejg38mh1jtvd8tnj7o0p5b01,03,01
csh76lb26bli99br2bfb0c40ss3avpj2t7056r81,03,01
9cb2f4ae-2a01-407d-becd-11fc478604a1,02,01
c204b997-c87f-47fe-a8ea-d55c7c25fa7a,02,01
80dc4302-eb09-4c1f-a4b3-c0300a03b0cb,02,
3e505864-23bc-4773-a715-bcb6e0ae7360,03,02
839f01fc-1dbb-43d4-b64f-8a9fe9bfeda2,03,02
53f8f5f6-5185-4e97-a0cd-188a99666f56,03,02
10f7dfdc-61af-4413-9b97-de61f6fc57f5,03,01
8e20ffc8-f613-4461-ba6c-ab090e8e1be4,03,01
29646ff5-22ab-41e9-ac02-6d5a0ff616ed,03,01
77524477-7c44-4f6c-acaf-da9aa39dcfd6,03,01
7vdjjk9je6t84mj0g0spse1nilqdrhfm545ph9g1,03,01
kplm41pdqhpsbvcp35rmvpc74r3mttga8u71q8o1,03,01
rok7l3di5j5qdti5isi44ptito7qal9aef55ipo1,03,01
cril5bvjjddbacrfcri7l3ppeqbjpb1ssaagce01,03,01
g65frk1ifpk3ko6sok969md2e683m03qploe7n81,03,01
498ca296-1134-4c4a-8bf1-93c2f616ff9b,02,01
5494594d-e4c3-4bbb-855a-91fbeb3a9682,02,01
978bb28c-d523-491d-affd-92dccd910796,03,01
9d337072-bd5c-47fe-b50f-24794c58cdf5,03,01
cf907cfc-5d62-4482-8329-6ba4866688c7,03,01
0c8174bb-d44c-4259-b4f1-4990a1e76aae,03,01
ab56c8b8-6274-4f20-b1a7-0d0c95fbd18d,03,01
5c694405-082a-48c8-8ac4-e37caf0d7664,03,01
b9909cd5-113e-40aa-ac55-c21418c4e09f,02,01
94f7445d-b122-43c6-85ea-aa4ca9903476,02,01
71b9e756-d992-4e26-95bc-1e484fd06744,03,01
cc77a59d-0dcb-4d28-93f4-41aaada546e9,02,01
c01bdc70-5531-4fdc-92d9-f0d2450a3443,02,01
20bb070c-b90c-44de-8e00-2ed961c0fe4c,03,01
e22a2eff-2979-48db-a316-f5508ce8943f,03,01
4370d099-c335-4f8a-93c6-c6c9086bd574,03,01
7f45fe8a-c81f-4b23-b956-2426e8bb7ef6,03,01
6d3e219b-3784-413f-9b66-227dc1ea930d,02,01
8d12c0b1-983f-49da-bb8c-9cbbca4e97da,02,01
74a03ba6-cf38-41fd-927d-572acfaec4a1,02,01
c28f28f6-d6eb-4afc-b675-1b1c7fbd03ca,03,01
eff0405d-19cb-4017-a513-4072f8ee640e,03,01
dd4254f3-b12b-4796-bd80-52bbc48342c6,03,01
2eadur2boic011mugbul4177j5sd18gj64ird201,03,01
pul4i4muua7bkfhra0bnrqirrsv9eod51tfspsg1,03,01
7cf3e84f-2f3f-46b8-a08d-8ebe2b383a00,02,01
f640a8ac-e86a-42ff-9ac4-ce636d8dc486,02,01
talnm0oe0o0l1q93qqiniufl5r7mb46ma2qic601,05,01
9oe5e51in09230bn9spj9o3vhdlc7dddse61u881,05,01
1fb0264d-60ba-4f34-a08a-79e6c47b09cb,02,01
bab962a3-c3e9-4b30-b8ea-803ce9bf5ebd,02,01
36644054-5bef-4df3-91f9-cd16808bc39c,02,01
11cbd1f6-0314-407e-b2aa-6692deb6fa8d,02,01
54d9ab3c-98a3-4964-86f9-42fa08328c5a,02,01
cb52e345-55cb-4d56-b87c-3d02fe92398a,03,01
410913d7-04b4-432b-b5a7-92ec89761b7e,03,01
1a2c1987-8a92-4171-90c0-55e862df757d,02,01
b35e16d4-9507-472b-9b1c-1642718a1d0c,02,01
8b33b8c8-c184-4bd0-972d-086691bff614,02,01
18d29387-b5e6-4057-b5d0-7927b9ccade2,02,01
45e1489d-3ba1-43f1-97ed-d116f08ef7e7,03,01
27539aae-866a-4ef9-8f8b-20bb8763cfdb,03,01
abf5fe2d-cb15-4299-bd8f-530e5a09e91b,03,01
30e7a938-a18b-4152-8e3c-f25880d00491,03,01
6d62g1cv9fkc38i2fd90gn99h5kc14eerv4lkp01,03,01
rq2vm0fokc551rjj0o1m7mmorct96guooff4qso1,03,01
3c6bdcba-6744-4af9-a2aa-2379ae3226d3,02,01
40ecc0be-517f-47a0-84d3-a5437dfa89eb,02,01
7e6ef715-9d08-46ba-8c37-5910cad146cc,03,01
fc256231-c8a1-400c-a94f-51339de74d60,03,01
a72d8444-a6a0-4c3b-ab8a-70d24dfc502e,03,01
79ce050e-afd6-4f98-8152-94a1332f212c,03,01
t3cqhv9t9s8r5kb2p21lpd50cu32sn7fvj846v81,03,01
3911f88a-b007-4441-bdf9-ec6442705c57,02,01
c96e1b0b-b561-4890-b78d-0d75e4a84010,02,01
26ae7f8e-87fc-4b76-a53f-782d36620bec,03,02
58cf4978-4e5b-4b8f-b49b-f91cba77d3c8,03,02
d4a16ed6-95f2-43d4-95f4-1236cfe82337,03,02
0e1e1172-7a00-4179-91bc-ef55f759353e,03,02
633fa542-b4ed-407e-851b-5a9f1d7f1a84,03,01
be2247ed-40ec-4afe-9137-3b9a9cc4ca85,03,01
cd895a9c-69a4-4009-9d19-6710147da248,03,01
4c77cc6c-965a-4b9a-a222-d565c109f119,03,01
kssbgv1d6onghdlukmh73qg8f6c33jfddbsmkl01,03,01
g6c74jhm888b6rqs4qcgab268eh0ktknsdlfjho1,03,01
acfb29e4-75c3-4f8c-ac35-4866a5dace3b,02,01
c1adb50c-03d2-45f8-82ee-10da4ad6e5f1,02,01
18bfaa56-4e52-4dd0-9c2d-9e36c2884773,03,01
24ce8493-e119-42d0-9918-5fe574b195cf,03,01
1e093948-45ff-4dbe-bfe4-45bf6df7e655,03,01
hrivmkao3engvhu2p6244su85n668dbfr2c0md81,03,01
tlimjl1r52gn76gn3u0vct1vfadj5q171fsmkl01,03,01
k57irovtdpsoie5of5f2jhujbet1687e6cgr5301,03,01
69dbc9da-3624-4f38-871e-372760e30879,02,01
da1b29fb-8e53-40a1-b6eb-1dbe9f3c54e2,02,01
d4cd9364-596f-4ec3-94ed-bfaf40d01375,03,01
8a3aed30-2ae6-4464-bdb2-b3ba3c9fbe1e,03,01
20e3e479-6adf-4001-93a3-790fb55dc104,03,01
3dcc444f-0f79-4b65-8a78-522a786c1eaa,03,01
ce06635vtfuq1ajvtjrslhq4nddf64gq0cnbr0o1,03,01
7ohvnl5bgvdn6batvn58oggditrdtfrgfjpm0ng1,03,01
e568ca4c-fb31-4c46-a8b3-d226805a09a3,02,01
de609bc6-1c14-4465-9dd3-25832bf31544,02,01
d724347b-d742-4f0a-934c-a815712231b1,03,01
c34bb391-0cac-4e8f-9a34-2835aa1581d6,03,01
7a989228-0176-43c7-80fe-24cbe8f52c00,02,01
66ee6965-f4d9-4a4f-9d7f-3cb0b51ce929,02,01
465feb19-4efc-4bac-8d61-c3b499f7d2f9,03,01
a56e1bd4-7e55-4888-ad0e-1b83261f703e,03,01
7m9b31tbifl3dd08d6u1r66gsk2ap77pka8g4f01,03,01
e3cqcfr4tflv0hjgr2sjamvc17k433hcuc4pl901,03,01
9b09f445-6d0a-4892-bb6a-64b3dc752017,02,01
4e09b70d-f68d-49a7-93a3-b098e20c62ff,02,01
4e04011c-2786-40f9-857e-b8e7b03c3b17,04,02
a37db818-1689-46b3-9c1c-da53acdbfdf7,04,02
0784fd7b-bb1e-4348-8487-b2e68220e265,04,02
a9865865-85a9-4910-aeef-5e4e6f0ba440,04,02
c9965c87-e986-4ffd-9098-5d4117f5d39b,04,02
341083c8-7d87-4ed1-a619-d28ea7690774,04,01
84c1a310-e503-4e94-9707-7496e42e99f5,04,01
484a32b5-38a5-49d8-a934-16c2ab61c019,04,01
9cd15704-7278-4fe5-b97e-f80f08fee3a3,03,01
394cc80e-3b60-43fa-a621-a18bdb8d3d10,03,01
eb7ce787-e153-40f7-8dae-76b6c60df43f,03,01
8dcb1e69-315b-4992-9bda-7d83dbd696d6,03,01
268c4f11-a146-416f-a55d-74321127bb1f,03,01
rorprvqhlc0rrstub95ljs62qsr9tbmbt4b8beo1,03,01
evrmb0fp9pu85puctq39nrnpoojosgf31dvupkg1,03,01
c0351bb4-3b26-421c-bfa2-3d4d41d955a8,02,01
9bfdf7a1-8e28-4a7e-89a6-dce522289386,02,01
ab1dc018-d105-4c0b-b35c-23f8e89e64a7,03,01
55cd1b3a-a3f8-47cd-92f9-7522d6073e9b,03,01
9125f582-76eb-4151-b0de-d1fa2dd1703e,03,01
04b7bdd8-37ed-4494-81c5-0c0bb1f1fbc4,03,01
4adf9b15-3426-4705-b0a9-0344adab8c28,02,01
ed4b911f-95a9-4877-a281-7174984db9c6,02,01
a22ffb0b-a27a-44a0-8cb4-511b1b810737,02,01
5bd340e8-f0db-4a63-8d95-d37326673050,03,01
158acd70-db4e-4890-8638-05a66a0e0bdd,03,01
omafbauqt4133tajdg5qoivrdi6i92m70uf0qco1,03,01
lmckqnfh6c08dffk6j7a4tf5534m0je4a8san581,03,01
hds56qgbsbe4ehi3urk5h157534m7pbbfeq2e681,03,01
baa479f6-6147-4ff1-9b80-0561999d0df2,02,01
b1a0c507-3f35-490d-9d8b-1f5a52ef8408,02,01
5d8b2678-573e-4cb2-b700-51ae28c1b775,02,01
a0ab09b6-acd9-4d63-9e55-5c649344cb4a,03,01
8163794e-5b97-4941-bfb7-1ebdd252df4f,03,01
098753cc-d1ae-4ddd-84e1-00e69a4ce56e,03,01
62868c71-e7dc-438f-b393-764ccc76215f,03,01
0e4dd9f7-4cea-4989-bc56-0d392e32d351,03,01
1c143555-bf39-428a-9b5f-0b42174fcb1a,03,01
8b94346e-5429-412c-b04e-9edf9ad7aeb8,02,01
ecc48786-393c-4efc-a6c8-46da0f55e43b,02,01
e0898d09-1957-473d-a300-c8dffa04990b,02,01
761d08f9-e148-446b-90f6-579ab844f59c,02,01
2dc7b6a9-75ac-425b-a780-969cf10f0ecf,04,01
e6e6b1c9-307f-488d-8ed9-5245649d6636,04,01
79ac0d1d-48ee-4464-a8b7-0ce95475e350,02,01
63b3f88a-4223-4d12-ab70-8f291d2bb1f0,02,01
adc73e61-a870-4beb-8bcb-49d541189e21,02,01
0fc8b579-54b0-4d45-879c-dc028cce45ce,02,01
62ae257e-cc61-48c4-bf70-2adbb5f6f0ae,02,01
4a14ca10-bdd3-467f-b5ce-0d20965af71c,02,01
38a611db-4059-4dfa-a02d-3b3f94091a20,02,01
				
				
				




























	






















				
				


