id,termfrom,termto
dec68190-6608-4d4c-919e-f5f655eb1466,3,1
ce5fa742-b68f-423b-8a52-366c975ec337,3,1
7335e260-baed-4e1e-b966-3fbed480693b,3,1
7ce56b96-fcf9-4e49-96ae-70dfe05690f5,3,1
aa6b104c-b8a0-4866-928a-ee7769dd9c99,2,1
6702478a-ce72-40bb-b026-64cfc27b9558,3,1
m7fdv4p96258dens92hrats8md9fhrihe6n3q0o1,3,1
4b31f9c7-0f54-472b-bcbb-dbfd73f88037,2,1
f0c7e5df-f7b7-4407-ad63-2b15179f9863,2,1
b098cd6c-44c2-4ac1-9d3c-71fd55a7c648,2,1
c78d53f2-0557-44c6-9783-ef17563d7db2,3,1
5b8815ee-136e-446b-9661-32d8155f4856,3,1
oqdj8cncklojm8crl27h3nl1rovpag911un3q0o1,3,1
4iqjd8oan77jq857qn4c7vi3pcl81krgh0bo9eg1,3,1
c13b7cc7-fc0d-4c15-8361-99655440e467,2,1
e03dd4e9-886d-4f36-b2c6-8ffbcf6ffb8e,2,1
22211154-75b3-44af-829f-f702c0fd869c,2,1
df2ebd94-c9c7-4718-b9b1-289086ebafaa,2,1
480392e8-c82f-43f2-b068-fd2fd77f3f43,2,1
de25b60e-919e-45e2-93e6-06505493ebf7,3,1
d962b8bd-b07d-4b91-a7d2-9599fefcac1b,3,1
5eeb4b77-bed0-4f65-93c0-a28224179149,3,1
28ed6ef7-9ba7-4bde-afc9-86d5c6330365,3,1
p3jgkv1cnnunna2guthbj6bvj5sd5h3r2tkfnh81,3,1
8nvkcg1llajvjthgdfa5hoo7tg6qc1o0ievio4g1,3,1
c4aprb6v27d9qk607gpldk8t3vv5bssuf271q8o1,3,1
68dfd250-6153-4421-bfd5-27ca3b950331,2,1
561a52d9-aa25-4344-8d42-c392d3314e88,2,1
8361a920-2c03-43de-9ac5-fa638835e4d8,5,1
ff21d7aa-f166-4798-9246-ef3ef954a2c2,5,1
94606459-3185-4aa6-87c7-79bcb2c3dc9b,5,1
7d2a22bb-23ed-4f95-ad5a-d47a9f1d29a9,5,1
0ff54f56-385b-4a0c-b6b2-6066cfda17c3,5,1
2f8ea901-f8f3-40d7-abec-220fec6ba5d3,5,1
cada37c3-44c0-42cc-a89f-4fb319fdef20,5,1
ea72adff-ee06-4400-a03c-d244a78be62e,5,1
e17b6a8b-9b5c-41ca-aa27-fa9226147782,5,1
b71f280d-10cf-4b95-b3cf-7625378c2afb,5,1
4df53894-7c58-45be-81c0-7208c276fd8e,5,1
da38225c-b570-45a5-aaa2-f7b127e9239d,5,1
613cc891-960d-4c8c-886b-1cdd736625b8,5,1
5e2f9cce-fad0-4c79-afdb-6b21975791a1,5,1
cee22121-3b6d-4069-8e0e-fe4bc9378182,5,1
0dd8118b-ca39-45b4-9da4-2744c9e3df43,5,1
6a5d2f70-cd25-404e-853f-d1d389ac14e3,5,1
0645ee87-3b1e-4b33-aad3-ffda4c771d05,5,1
309ppul7k0eou7pao708lnmmamq1tk7nt3fkosg1,5,1
s8j8golv2ti7vjgepqu6e65nponobi55302pda01,5,1
quijlc6r2rgde24a073cgamgponobi54uid0ido1,5,1
o9ctp12k6hppa1kpf59flev5pgmocdtvntgf7j81,5,1
s3h8c4jui064itj2udi49hitdm62f0fc5n9k0vg1,5,1
9a071897-fb59-4d76-a2db-22eb6442e3b4,2,1
25a5f232-9457-48b5-b041-d5f205e8da55,2,1
7b0fc4fc-2cd4-44e1-b6c5-fd439791fd8c,2,1
efd329ff-9985-4bfd-a15a-6680b0fa988f,3,1
74c12d59-7d99-4f26-bf55-8c15c4874159,3,1
sgcm3v8ebgklo324rb7j4bsaamq1t2frsbf4qso13,1
7q1422f3djtkn51jim3ij9bs1jmkekfdkc8o5f01,3,1
7pdqcpifr3fl6989ngcoahd3v4cb590rd2dggdg1,3,1
mfc1dt7qud2trkakhvvs7hvo0rjkpgrvutccnt81,3,1
176af62d-3c07-4f12-b63b-a941500376b3,2,1
d0ff61fa-f7d1-48c6-81fc-b7926f62ad98,2,1
4ca859f6-5129-4841-8ae2-c9d672c2c3ca,2,1
705d8d2f-d19e-496e-a0bb-aaeb2d263ddb,2,1
6884f5d4-4fd1-4e4d-a382-9d611146bb87,3,1
8b70788e-ee62-4785-8a85-a0e1087127cc,3,1
if6mm51smaktfqv53dsl3e44ee93halv8ldshtg1,3,1
8fsdteilk68uoebdjvj7p75msk2atfvecttejlo1,3,1
kvqksg81ptveg04chfc1g6olqgqpv3mvn70l4r01,3,1
n80lt0lvpnl2diau02afimg4qcp9j403fk2pda01,3,2
948sqtkk25c7ngc5g79fs5ch7rfn9vlc2dqudm01,3,1
064f93f2-0bb2-4da0-b138-178b5c254770,2,2
55890c03-7f62-4c5c-b8b8-2bf02f29e6ab,2,2
aa731a24-6c97-4f5b-bec9-139645f93dac,2,1
baf784b0-f642-478e-8e6e-13125dbcd91d,2,1
372da5cd-468a-4cf3-86f0-d279df8b945e,2,1
aa74a00f-6c79-4f1a-bb0a-b5f37d3f2a50,3,1
16192dc8-9582-4aa4-9b1e-ffe5ef139298,3,1
8ff2a3eb-eb8a-4b21-a5b7-cf12459db65f,3,1
0g4ov3vb4ql5vp9bntjqo2d3j1st7gkigkrq96g1,3,1
dc32k7415j6vtg9rqbh8be1rbqvh9tt4ejhn0jg1,3,1
af5cd1dd-a88d-41a6-a22f-f61da7821828,2,1
f00cb01b-cbff-43eb-bd31-9fe6686fec78,2,1
e4923f73-5c0f-4610-9245-ec4ff256f46d,2,1
f89fadd6-ce8f-47b6-af3e-0b496d2fedd7,2,1
b8be33c1-85e9-4b81-80f6-4a14b1f52871,2,1
0406043b-cb2f-4628-9516-3e84c6078cbf,4,1
a3kfit6kls6ll6qo0d3f3cd66787nf77fh9s1vg1,4,1
cs3qv8553ekoign9bivdmp6hcq3io32bcff4qso1,4,1
52356b79-a225-4a39-8d4c-be016abb565e,2,1
c139a0fa-2e11-4b2a-aca3-6067270d5746,2,1
d4b0c483-4785-4f3e-af50-51ac32fdf4fc,2,1
b2116680-e91b-43aa-8a0d-bb2190f269cf,2,1
e25aaf55-67fc-4dc3-8f9c-9e262519067c,2,1
d0b5a8fa-cbb5-4eed-8d80-630ddd71a4a6,3,1
ad773c36-dc31-40dd-9fa8-b1d19718d16b,3,1
u9c90amibunl55q2g8k4qf21r0sp64lhutou5n01,3,1
iegajsi7s9cdj1dbt2q3kg43sc1ahuqp91acfu81,3,1
9244d0d2-3d20-49f2-9e42-153857a64a95,2,1
5f32a56a-d10b-48ff-ba5f-36af920f0b92,2,1
82aa0e68-3e9f-4854-bffa-d2568fa2b518,2,1
92c81172-1acf-45cc-8de3-bf934881c7ef,2,1
15905366-eda1-41d5-986e-9a5fba384d47,3,2
dfdd055a-ea0c-495e-9b33-6cab90a1f884,3,2
8b263518-035b-4118-a6d6-b7d9c3c70465,3,2
dc154e5c-dfee-49ee-8a07-201e61421e0f,3,1
sv33kcio1ok87bq8dgjaof9en9dv2ukjnfckkt01,3,1
ob5ok2tblhohd17b7muur04t8eh0glc7b77loog1,3,1
o955k31v3aifk446j8l0ebjqsc1ai7udum7ho8g1,3,2
02481e5d-ec26-403b-8d26-da1eb36daf98,2,1
fb2f7d42-97e4-4822-b3a4-0d16e3659fb6,2,1
86afe6fa-bce2-4ae4-a103-8fb3029152e0,2,1
985367bb-5606-4ba3-9186-d50fb49a14ef,3,1
5db442a0-fd0a-49fd-a0e6-0cea7adb1775,3,1
c4e0c1e4-fcdc-412b-9d62-2e2e9c37704f,3,1
389cb4be-9c90-4f58-ad39-fdfe2f5a2fd8,2,1
1c6575e3-8592-4484-ac3d-48dc5340bf1c,2,1
4aa90130-6e6b-4160-8cd4-ee361c95c648,2,1
f2a2bf11-4fdf-41c1-ab68-d1a595513631,3,2
658c67d0-6cb1-4801-8f1c-d3a78c53725c,3,2
554bc0a2-4cfc-461f-bea8-7ce2596ae722,3,1
ce2fb05c-74d9-4d91-8118-a7bdc473965e,3,1
d15b6915-3f2e-411a-b5a7-5accf5fa05fa,3,1
85dc3d66-56cb-4ae0-af25-7a9bdbbfb221,3,1
f366422e-a2cd-4b4a-b219-b3a07851f3c0,2,1
4c8b14fc-919a-42aa-b75c-e4cfc139372b,2,1
cd9a6c03-efe9-4522-9a65-f9b77a9654f3,3,2
1224cea2-92b7-4b12-9234-e1a4ed2e04cd,3,2
1d8b8063-b20e-4385-be29-fa7363b3956e,3,2
9bb3b097-1169-4c5a-ace9-edf55a608b56,3,2
1d6fda91-b1fc-499e-91f9-74c252292637,3,2
aead13e6-7904-4879-9e6e-f0c83c01f8f7,3,2
163dda14-a54a-44e8-9b53-e67aaaf5bd2e,3,2
068be469-9333-476e-8e2a-cc3bfe4c652a,3,2
cdb21316-2beb-4a36-9a98-7f0884740258,3,1
5c03dcec-2259-47af-bf55-f0cfed9c07be,3,1
c7c1fb8f-b5eb-41e0-bbdf-e93b61c3b54f,3,1
ef7bc46e-5cb4-4d53-8fb3-7db2bfb7552a,3,1
a239e1fa-8b8e-4e9f-8bda-1a4daf326b35,3,1
35e2a69b-137b-4d46-9568-47b0d98ca620,3,1
20603798-89b8-440f-b71c-e82add665238,3,1
f762fbf0-43dd-4287-bd0c-2e72ce38e9e1,3,1
290b5f73-3ae2-4ee6-8cad-5e0fb58a40d4,3,1
32894ca6-4d65-400f-8f78-ee0b7ecebabd,3,1
8dd7641b-ca34-496a-92d2-5cd4b3e80025,3,1
f3a93890-b27e-462c-954d-809bfbf47bb2,3,1
tnm7v9ocud6kbbdretkcf42skd1eg6342c4pl901,3,1
ojrt6c5pn1nud3i1kji9pudg5r7mbrhqemri86g1,3,1
vkldd2sjtasquil5kdson347r4s96e3gqltejlo1,3,1
gssgsr1mkfnugjgkngedm3fo4b1mhl77co4pl901,3,2
72f37afd-9cb5-4532-8cc7-771760441a96,2,1
e17221cd-0fef-489f-82a1-fef31439a5ad,2,1
82edc9ab-76e3-4059-8df7-0280612bd549,3,1
ce8848c0-0495-4d15-b590-5e8c3deb7dc6,3,1
tp50sl1ul6krg5o8cbp59ubgr4s941bm76ri86g1,3,1
tk8e1qrbiv0h71snpj2urv3pfuf388ktkjk7mh81,3,1
38dfb98a-fb23-4987-9062-1d5fa57fda24,2,1
51e4bf46-61ee-49da-baff-849ef41bcc56,2,1
d87f300c-6392-486b-92e6-fc53efc72fa2,2,1
f1f5204d-0025-4def-8a2b-f216862cbf04,3,2
c3ff49a1-8e1b-4d14-b49c-424fd8a6a81e,3,2
20d2b132-3398-4feb-8333-3109de82f08b,3,2
ad6c3093-7f7d-4bbd-9224-2a281773ffbd,3,1
98fbe119-9342-4735-93cf-3986dbc1afd3,2,1
fe32aa63-9b88-4ae9-81b2-f3efc0b8f6cf,2,1
c088401c-7429-4c1f-917e-2b39f44f3fdb,3,2
d61cdade-1daa-4ed4-9184-5101a8d0c126,3,2
aa712277-b5d1-4843-a4bf-df3523529bb2,3,1
f676e108-e031-4fe3-b9f2-fb4dc7fd32ac,3,1
d570df3f-adfe-4649-9908-7cee2bd1f6e8,3,1
56bc858c-15a1-4bb7-b1ab-b13b2aa893da,2,1
f96758f5-6f05-4579-b591-ccafb0b22ce5,2,1
fdbb03d9-e34a-4283-a7ca-d059b43613c9,4,1
23625772-6788-4166-937c-122355a3b049,4,1
54523baf-c80e-4eb6-a1d2-5a4b2ff23f96,4,1
bf74ce77-5210-4025-addb-19a31c5b88b7,4,1
2cf0d178-0729-4ea7-9515-e9224d161d93,4,1
41odg4bp3jlh85taubr43jvuaur1pr4g5nakcu01,4,1
7mpvje45lrmjo01tmnetlhqk534m7q02hbe4us81,4,1
61968d33-85a2-42c4-a504-07d66e11eaf0,2,1
9dae5692-9098-4da5-9aac-d809bdb4c7d1,2,1
7f941f72-c4a1-4c31-b3ac-aacbee7c07ce,3,2
c73584b9-73e4-44ee-b49f-930b0af4b231,3,2
70ffdf0f-55fc-4166-9ac2-06bd703b532a,3,2
95e9e76d-e6f5-49ea-b48f-a141d957d757,3,1
e982de52-975d-4fe7-b5bd-e741911dd507,3,1
ed56adee-5a12-4d10-a79c-7f8abdbd2e68,3,1
fvo3gbqudhrb9nhntr8hmtnpc20in1q9rn1l0rg1,3,1
ch5m4a6un4f005ku0rmphhg3v8dr37cm8e51i9o1,3,1
mnkib858bi59nadj1foaislb2jqlt1livfr6amo1,3,2
nc4rhu7kdpucet4mh3qs6edvl14u4pre5uc0md81,3,1
608pjjqn4ln3iu8gd4hpof29sk2au7km24e8vc81,3,1
dc0166e3-ca6e-4a7c-b084-a956f23a790,2,1
643b95a6-ee4a-4145-be33-ed13750b5bec,2,1
aab891aa-d868-4507-b0d3-33ea2eb747fe,2,1
453f006e-fda2-44bc-a5ae-643219e84749,3,1
5756a367-f8bf-4424-bc09-7429e605a385,3,1
ng49b4sdjb89lncj60lml8dmbiuhf5hlfcoa7781,3,1
sujv25k0bbbapmp3ophvpona3rvlaldkhsjr92g1,3,1
gi7n3idkqktpi3sjssrebbm01jmkd9fnsvi7ei81,3,1
Hiil5gg28v16bne9agi0l71rfuf3akl8gkjbb2o1,3,2
ea83b48e-223e-422d-b230-81f7295ab7df,2,1
b98e105a-fcc2-408f-b9bf-8dcf0a093292,2,1
e24dff42-e567-4f05-8a0a-4ad37f2fe1e0,2,1
7da80580-601f-47ed-95b3-463dd14ad4f8,3,2
96d76e99-4f85-4f7a-a8ee-54c96c3cffa3,3,1
075d88e0-7771-4168-8f69-6f3bff6f64ce,3,1
b1fe15f6-964a-449a-bfd8-f8b3d8cea82d,3,1
0ed0a9ab-e310-4290-9fee-333f58f166a2,3,1
8fdefqtt0ds8nm6e80cisfka96k05u2k2ut2i5o1,3,1
897d4tq9e9f5daohv7q6aba5qgqppqnic4pa37o1,3,1
qho4ktprscrvv7qi1e8v5h16bet13gp147lnghg1,3,2
bbb3641f-746f-4fad-81a7-ecda655509bf,2,1
5f21129b-9222-4d3e-ac65-83f40b07bd59,2,1
2d3c22e7-30e6-4350-af6d-1ce98d0f5635,4,2
faee19b1-47e7-41ec-9f10-f48e5736cbba,4,2
fe32dab3-3b29-42b4-babb-1aee825079ef,4,2
68a121c8-a838-4206-94b7-3a63539ea676,4,2
04c3afc0-ac34-42e6-a8e8-0b058be2ade5,4,1
8827762d-c4d9-4c1c-b088-01200b521f50,4,1
c1c52001-b243-4094-99d0-873228f9e60d,4,1
3f41fde4-5f97-4dcc-9f56-c445a3928c83,4,1
014a5030-378d-4232-85bc-46943902fcee,4,1
uo9630u7d53peb139vc2fki4cm22tl3o2j4lkp01,4,1
hchubd9if4m0umu9vet4efurhpnsdc5869mfvg81,4,1
6erke2gavs17i4cebk25fu37d6427s8j32sik501,4,2
25e6c2f5-c65b-40c9-aa22-f94179c4a1fb,2,1
fa592a4d-51fe-4814-b8ef-06f8fb10de23,2,1
7e00c23c-f949-49e2-8cdc-54bd3b299546,4,1
5002dcbb-dd3c-49db-8513-3ba9968bda2e,4,1
000fc956-6c2e-4d9c-82b4-ded484c4dfb4,4,1
2ef3b7ca-ba13-40a7-9fa8-aa0d21c2f35c,4,1
057db455-486b-4818-a126-0d4868c12187,4,1
78d1ed51-01b9-4533-97e4-0516185766aa,4,1
5f039c22-d376-4b33-b712-dbc01bb9cb46,4,1
a987454f-8013-4afa-a7fa-95e0741207d2,4,1
4a77be8d-d65c-4485-9e76-5939d1633b70,4,1
40a9d9a4-4b05-4265-b354-227e39e27938,4,1
fbe35d05-8d7a-4168-81cd-0a56ce5cf576,4,1
3333e74f-5ce3-431f-b075-42a1651af10c,4,1
0a0f6047-f5d5-45d6-98b7-c85ab3ddb31d,4,1
4f5bf441-7411-426a-b426-36d00b064873,4,1
e3b05e80-1e6b-4127-bec6-16e7bafaf294,4,1
7df69314-cda2-46f0-9c0a-df47179fe889,4,1
9866bd89-6988-4600-84f1-cbe1cc0c23f8,4,1
40129126-cd09-4c20-aaca-9582da33a215,4,1
2f6ce8e9-d27b-4c95-a6f5-308edac6d239,4,1
bdd321a6-f6a6-4d77-a464-b14030b5f101,4,1
24f34bd4-e494-4001-b223-9bc8c3cf36d6,4,1
1la9mh72mcha7q537hreg4tcjtvd9nuamoaode01,4,1
041n9rcfo83d96i17s9090f3ci2itqdibosan581,4,1
6nnvru68ajdu8dkc7guh4hhrt04q50mppqd0ido1,4,1
qc2vppm7r7gdghituflrh3083btl0qoncj942vo1,4,1
7fd8fea5-479c-484c-a105-5ebcda9433f4,2,1
7ab8d2df-87b7-4d04-b345-27a3a336f6a4,2,1
3129ee49-013d-415c-bb19-9f6e89ad2ced,2,1
4d6ddfff-b55d-4bc4-8e49-922ed625cf1e,2,1
1b5695fa-11bc-4de0-bce4-db0ac34182a1,2,1
19da0140-ecd6-447c-a2ff-1f12b43a05ad,2,1
1ba4e6e4-40b9-46d4-b61f-b5d1b8ba9d7d,2,1
4a407902-64f1-4afa-b103-3466019b698e,2,1
17d63c01-04e1-433c-9d59-954a354e73da,2,1
9dabc948-63b1-4550-9c83-b7a5d3fa466f,2,1
f6ae1309-7946-4571-bf38-eaaafc0c3cce,2,1
8473bd0e-a163-4e67-b84f-a3a7b17fbc88,2,1
55cd7a30-b4a3-4d38-b44f-f5bcd7922ae0,3,1
a12c794f-c5ea-4307-baa4-52e289efd1f5,3,1
085bdfec-8391-4926-89ed-cec970512fed,3,1
843082ee-e712-4b4a-8946-55fd8b0999fc,3,1
7b71618b-7d0c-486f-bbf8-e36b1e8d9341,3,1
d678ff82-157f-41e5-8d08-549b25d998cd,3,1
76v3r5bbksnhhn3klvh9u6im2fp5hf391hkfnh81,3,1
fmjlfsojnqg802djait1nutn4f16g30ukan3q0o1,3,1
v3g8t3uhb4o5nbvod53rsr9rogiovs9s00lbj1o1,3,1
74bf8r06j1gvsofoqbg38c99qgqpvpga773l8qg1,3,1
577c4775-5fed-42ff-9597-30fa2d933b44,2,1
534a343d-6350-4640-b5b5-caecd20ed997,2,1
8d49ccd1-0686-411d-8935-4204c5a70c7f,2,1
2bbcb69f-b74b-4708-8eba-7596bbc7c223,2,1
47a1747d-eb8f-42bb-8616-eab09a18cd33,2,1
dac30e4b-6c4d-4f6d-a3c8-93c79d8fa648,2,1
419bdc5f-9261-4411-a22c-37eaf7223406,3,2
9212bd21-9ca4-4e8f-9417-4b716ed43f9c,3,2
b5164a46-6fe3-4cea-8705-264e1143237c,3,2
a126ba1e-4b25-4c44-8e8e-a0145fa5f103,3,1
c485547d-08be-4f08-974c-f90abcad62fc,3,1
09981784-ac63-4de5-ae6e-e6e617079df1,3,1
c823a8e3-ac2e-4fa9-82a6-bec1af4d0429,2,1
894f0906-8177-4025-9903-51b12f2689d,2,1
34a03a31-447e-41bb-b4de-c533b449ae73,3,2
fe306bd1-71e0-47cd-8de5-14c5cc876261,3,2
b3a21df2-b864-4ba6-9aba-1e1d23c4bf54,3,2
1fe6eecb-1eaf-4ec0-a784-b6e74fcc32b7,3,1
7fb44ec1-06c0-453b-966a-2158045c933e,3,1
c5c3123f-2aad-4c14-aa25-bdc7c9474487,2,1
74f247d5-d083-4c66-b3d6-4380d3bf9f32,2,1
297b132d-ac4d-4ee8-a75a-58df73aeb13a,3,1
dd30674c-6157-418a-b298-7eff35a3dad0,3,1
f33e4437-a3a3-41ea-9d42-690356165d32,3,1
f10785f5-075c-4c48-a17d-287a47705068,3,1
fdf74169-212a-4309-85e2-2ef94b32775b,3,1
f129e21f-67f2-4c95-8e37-57167519aa81,3,1
704eecd3-cea1-488f-bf62-40a383af52f3,3,1
4f1f579a-a1f3-41e3-bf2f-f80d976146fc,3,1
1a00d9a1-1b77-4a7e-99ac-ee79a162c9ed,3,1
a649382d-23f6-468a-9a08-0694151ef246,3,1
ca4009db-ca20-4f25-947e-0380e8c62e00,3,1
2593f73f-12ff-4868-8c12-299f8d53588c,3,1
e76a7d47-d2e5-4cb3-ac8f-f6fcdfa95c84,3,1
g9d9cr5e5cga7k1ngvk2racuhhmsecj8dd7droo1,3,1
g9d9cr5e5cga7k1ngvk2racuhhmsecj8dd7droo1,3,1
d1nlel4cgvae237r749vj6f0t44a61b6i5mvtg01,3,1
b4071f79-b416-4e6b-8c9f-2f09ac79fe38,2,1
7fb8f950-2b2b-4a4d-9e8e-4e4674d9ccde,2,1
8b219abb-3a73-4c49-9c3f-c4bd4642fa8a,3,1
9c3f2404-97d9-4f6a-af55-292746df98d0,3,1
30168ad4-8935-4bc2-abc9-ede783ef5fd6,3,1
32e04888-49a5-4715-b3cc-163220b2e71f,3,1
d870cd8d-1bb2-4c6a-9396-a6d32d543708,3,1
53110cdc-de3c-4532-b556-d330f7d558bf,3,1
5slfqhobcnt3umkph6veigglkl2er3e3j32lcq01,3,1
635f7797-6e7b-4f47-bc59-8a6aa312d136,2,1
fa427ba8-4a21-49ce-9cc9-c46e1ec44737,2,1
9d9f5f58-ae41-446d-b81e-c570fb1d6aee,2,1
d8ad998b-88b1-4ee8-bbf1-97c97ab3b76b,2,1
cc943e22-78d8-468a-a709-2b50eb051c28,2,1
6aa18c9a-5f78-47a3-8356-0e5a46fb0777,3,2
56d0610c-0999-45f6-9251-d0f3fe47ebf2,3,2
b360252e-3dea-4eaa-ba96-2265d7de2f24,3,2
f9366a5f-b7e6-40cb-b0c1-4e2062e82e89,3,1
405d9710-ece7-4275-8335-8424fdd26523,3,1
tl30kdcds7a513oce5qli259m99viu6riluevk81,3,1
rc7ak87ubq0c9epqirmkasad3vv58l5lsukjk101,3,1
9t1nnhcna307532qdiprkkdbm58fl0r46hoe7n81,3,1
rr4l2hvmfoo1pfci4dtpjoav77c77foulbfkosg1,3,2
3e9b0bc8-f503-4280-a089-d23a8dad5e34,2,1
0a45b29b-ee61-4eff-9208-c192bffe0447,2,1
75bffcd9-03bd-4994-b219-225c6acb103a,3,2
8027e2e1-0a3d-4a79-87c4-f41da119d236,3,2
850871f9-b66c-48f0-be21-2126a8dd4a96,3,1
33782e11-e2f2-4c86-a0de-e38099209f3a,3,1
79jv8e2ae9cbgqkppjt8cn8gee93hr4da3v6qko1,3,1
9lreshkjfo9fqs9c13ksafc60fh4m97p5h5thpg1,3,1
gplpfaamn934nicuvpt4rk9e6na7ve72uqj3a2o1,3,2
6ah3i5cbb06mbpi5aljd925pihqtsvronanjo0g1,3,2
c578c4gqp5acoua3ltr40icqmhavt8nu1api07g1,3,2
648dfded-874d-4049-9500-f04c2d84aa66,2,1
ed666f48-c0e7-4582-9dd8-50b7ea2839bd,2,1
23d7e2c6-2bd5-40fa-be6a-97f50137bf24,3,1
de33f91f-dd00-4459-82a2-e52f0692f0d4,3,1
g1s0napokebgk08s09leqrpiukabsqg6lsrq96g1,3,1
eq5qnj8599f86hplvm6mm7h386g0ipluj12dfq81,3,1
a17a0c2b-ba94-4560-aa1e-c6a4b62e0a55,2,1
58f99c1d-02a5-41a4-9509-15d01b60c8db,2,1
c45a251b-73d8-4cd3-8b3d-a69b583fdabb,2,1
30a7637e-71a8-46a1-b2e3-c8affab89a6e,3,1
0b293b6f-e07f-4574-9698-7f9952876255,3,1
jedufvq5rkscajdicnskehd55n66dul2f29g0fg1,3,1
4aduucsllj4fji1ueif2rppfoojor5gcpb7loog1,3,1
768ce9cb-32ad-4907-b815-d0b19aca99e9,2,1
dfa5ce6b-6377-472b-acbc-c74b499ebd06,2,1
6c9ed87d-7d9c-4119-86ca-55ad061af7dd,2,1
ca35ce16-4691-4c4e-afd3-f990e41e6259,3,1
0612bd5f-a32f-4d98-a5ca-81eb833e3108,3,1
8a1716ae-2654-4b0b-9c3d-13590e8e75f9,2,1
535e0846-8555-4d1f-b072-ca2790e08dfa,2,1
68ce187c-c00b-46c7-9be6-3c7da1db49ea,3,1
c05a4499-94ae-4017-8750-04b75f4e412c,3,1
790063a6-5657-4723-9c16-877535e347b3,3,1
qrsf9p51pkf58l51kvnm71813rvl9q6hdg3p9ag1,3,1
7rr0lgh7mnpogvc5fuadnfgbu89rh0vp42806f81,3,1
f19ccf88-901f-4f91-b171-01012fbef37c,2,1
11603e39-081e-4997-80ed-505f1e97abe4,4,1
29adabad-ca6f-4971-bf5a-d9c982233cc3,4,1
b6nicm58gng72gt70mlkq6auqcp9gpva78rab6o1,4,1
nmg44ctboiklcpf1s0a6eraihlmcb9fbe449n981,4,1
d2p2e2cm1rso812u98loar0beqbjprgcauagce01,4,2
0cksrfp7e4dvdvr9ubueabc603gkkcihvi61u881,4,2
b356efff-c772-46a2-ad87-0cb5c68f116e,2,1
0b54fa2f-b2f5-429d-9e66-dd12526b9dca,2,1
00b8e5f8-f65f-4722-8954-233291e283f9,2,1
c2b82341-a4e9-4531-bfaa-6993b4e0a57f,3,1
446122aa-6e90-4d85-888e-581f75c3e3bf,3,1
148bdc5d-efd1-4d90-8112-b325e9ecaf8c,3,1
2ac41d96-585e-428b-b102-52aa2f2b5ab6,2,1
52547f0c-be86-4e0d-a8e3-c7d3841ed048,2,1
e645e0fc-c9dc-483d-bd3d-274accea5f61,7,1
c4a5c8fe-e742-49a3-b15c-8bf6ce2c6c2b,7,1
e4d86421-b619-4713-866f-d44bd2e26ea0,7,1
06429547-09cf-41fa-8e2a-f771ce806fb7,7,1
a308ad46-0d8b-4dd5-a42f-6af82870eeb8,7,1
414fab57-dfd4-434c-ac3f-72da2800cb91,7,1
1c8de3a9-3a54-42dd-95fb-e9ec4d201a05,7,1
2e613198-ec86-41cb-aaac-c90017a9d0a7,2,1
f99eb9e0-c1b1-4c18-9763-1e2c23528999,2,1
9ead1cb1-6406-427c-9a83-24ff6edd0140,2,1
c01908f1-b69a-416b-87bb-90798cf5d9ac,3,1
210dfab6-d44b-449d-9e26-5fcdfce1de71,3,1
5297ee36-892c-4a49-bb1d-7cbf4b4cc7a5,3,1
1lvrudb1ut2vcffob5crp3uqusbbovs01gnbr0o1,3,1
r9800plp74e1d0tl6s2c99au8ahgided2069v881,3,1
dhh2qogfh0o8j2rgltkt8ekd6vb7ues50cqqd601,3,1
6d74b187-9a78-4e52-99c2-84a003164115,2,1
ebedc5a4-118f-46e5-a5ab-310993ecd690,2,1
830c2f40-fa22-470c-b543-3c8ad5a948f8,2,1
68e21ffd-dae4-4a93-98d0-fc4f82cb5ff0,4,1
44149878-6b97-4a20-9699-dabd860ea822,4,1
16525c97-9212-496a-863f-1836ce15444f,4,1
jhku0nnp20jal0oiqersilprsk2asplvgltejlo1,4,1
f42i40gjd6mmsl6491ospjrd13kk6ol4vl8s5v01,4,1
c2t90gtsl4fk26394vrhsvdg7bdn4etvpu3h8ag1,4,1
04f384e8-9455-49fb-a752-590414ed1ccb,2,1
4a46be04-6f07-46cf-ab0b-ea604a901281,2,1
74c55e2c-c3f8-41d9-a23c-01cb16b4d1d1,2,1
bbd93e2e-5512-4595-b03e-14cb136377c2,3,1
f8a77d75-aa65-4706-b9b6-aee6626ad105,3,1
22592085-1d5c-483d-9bfb-d5e73d095474,3,1
79970578-75b6-4d97-9af5-0e05f87b2b86,3,1
bfbf1b56-f0d8-496d-a9b5-33a4cce057f3,3,1
d912a516-43b8-49e6-be2e-ddf8d89a9624,3,1
03411f4c-6a66-461c-8d33-05761fc6957c,3,1
ceeb8779-0366-497e-9d61-a08a76a911b3,2,1
2cbcaf69-c5b9-47ee-b857-bb2a6651936d,2,1
jknjrnumq1vqtm00jvuv2tpdkl2etgmcqbn7qgo1,3,1
494a8933-d60d-4ec6-906a-0be98ad46dff,2,1
cc539512-7c72-4221-875e-ebb9b2b49907,2,1
650cd373-0074-47c9-850e-e7fdc448e367,2,1
3dbb6214-7cac-43e2-837e-1d344b95a086,2,1
3d95ef16-68cb-4e8e-80ba-a3eb34d5c01e,2,1
bbaf3f06-863c-44aa-a7bf-456cf8e4b77b,3,1
dd6574d4-6da8-4c19-8cda-067e7daa0dbf,3,1
208fc4aa-d020-47dd-887d-2e015d119976,2,1
2e5cf8b0-02c6-42f7-b74a-54ff0c9f9140,2,1
877651fc-43af-417e-880c-1740440900f2,3,1
3cf1a601-4790-4b3d-b854-0dbc9523aef5,3,1
poj3gbbosbqh560relgdrketj1st6e8bcbumsk01,3,1
a256a2fe-be40-4023-a68d-45a61ed3ae98,2,1
8f040615-5773-4f37-aa07-bec0de3ecd32,2,1
7216e0e8-749a-46bf-b66a-f62bd63dd159,2,1
5677e61d-d1c5-407c-9326-03476e53a078,3,1
5f00d7a6-f35c-4834-a47e-d26e4e7fa31c,3,1
c6aca866-c016-47ac-95f7-ca8a07db5526,3,1
48d7cc61-802e-4fd1-b921-e30b59843d58,3,1
6d92cfd1-ca4b-4727-a231-a35225cc4b98,3,1
25d2dae5-0578-40a2-8859-ba8f7ad61149,3,1
155e3cff-ac9d-4fb0-9f26-7c5df672c8bc,3,1
9f09dbcc-9e64-4a6a-9b9d-6db447bfa126,3,1
q2qum594p2jcthvpe3fgutnetc5a0h4kje6hs801,3,1
vima2cl0reqg0icvnpuuarap07g4kbhsiv55ipo1,3,1
0pjo1lja3h8koro5i3u1v0h9ihqtv8bcq251i9o1,3,1
1ls1kdbs27n756gbhabv9i7m82ggmvv5s8a8fe81,3,1
9c3f0126-e1ad-427a-985c-5ae52478326a,2,1
ee7f35d3-3f93-4b39-a0fb-bd0acf80a8be,2,1
0292e2e3-6745-4f6b-ae3d-4ed099f87ddf,2,1
f8acf609-13d6-4203-80a1-850d3a4db866,2,1
f808b55d-927b-4bf0-82aa-ec0e73c601ae,2,1
42aeb226-ecc8-4de6-ae15-872c84740431,2,1
afec3eef-d754-42f7-9943-111d6bb6d64c,3,1
afec3eef-d754-42f7-9943-111d6bb6d64c,3,1
f98f170f-091a-4349-9ad4-2af16761ba03,3,1
sbkpr3p29hunf6tb01q3a7aq6vb7uhih3c49n981,3,1
61e5e824-300f-477c-b230-18867504dcca,2,1
a7910a7f-52e9-4d67-873f-6b3d8de31e02,2,1
e213fb33-672a-45c1-801b-b1aa95012283,2,1
e6bb129d-c34d-44c2-9e17-a7b42a18ece4,2,1
484e158c-a4fa-4de4-ad91-46ee155261b4,2,1
83bfdca4-5dab-4bef-9b30-83d017760b0a,3,2
a4d327d4-0b41-463f-89f8-89a723900674,3,1
4764831d-6c88-4462-9009-344e4a0eaa96,3,1
imtdhptao5l132peik68vbkudi6i86j9nh3dbqo1,3,1
9ne249vs2h5e1o8j8649cn16a6o1l9oouftmglg1,3,1
34s40nvnujs8egf1uqboa4jqvofr895kdr7loog1,3,2
6dg22k7e4vtrek5vkgl9ibevj9tt1qslk1oe7n81,3,2
5d8f545b-f1b4-4491-b8be-e7f69fb3b042,2,1
3ce525da-a7e0-4bd4-8561-36a32b099922,2,1
cd8d8497-f5aa-471f-9e3a-6f0fe3869508,2,1
b245d024-5e35-41aa-a228-81d6f20a3b46,4,1
366cb411-ceda-40a7-b178-1f926f8eaaac,4,2
u9o3ukun0l8585s0em5270lfmlafrk2plgnrp0g1,4,1
94d394d4-37f4-4b99-aa49-ae8ba57fb7d2,2,1
689e99df-2b8f-4e4f-bb0a-83993089ba07,2,1
6a846735-9bdb-4d69-b079-5c1163a98218,2,1
f041a603-a732-4357-a69f-b017b96e34ea,9,2
941390a8-6036-4d43-8117-2706e109f1d4,9,2
96ecc4e0-4313-4983-b330-494f90f7ef00,9,2
a85f2624-d49b-4548-bb96-c978d06b12db,9,2
c29f0429-0a36-4788-b0d1-89d0484b50e2,9,2
0d8139c3-9d2d-473e-972b-04bc24e0f64b,9,2
22f9fb59-7f37-4ef8-b70b-36510bc454f7,9,1
2fa28062-f7b4-4c47-9fa2-48f8af135974,9,1
d781a5fc-28a9-48be-a4ba-058ce4642fdc,9,1
135839ef-11e3-4f44-9272-7f91089b020c,9,1
18993c45-5e35-41ad-bcb2-39763bca3a72,9,1
b3ad9ffc-6e8a-4381-96eb-a966d50f5b74,9,1
6be1b657-2c50-4964-a931-87e204a0ddf3,9,1
bih46ci7a8ko6j1616h36834pgmoesh9geagce01,9,1
r35etpea813th29ivmpdtf0o2rrlsbohbf7loog1,9,1
9d73220uc24c05vsphfn395o9imgdgcop70l4r01,9,2
104d547a-1f15-4244-845f-c960562cdd04,4,2
ba4a91ae-cd1d-47f6-bd13-5f09eb62e441,4,1
7e998b1a-970d-4f53-a47f-2f5bbbc84368,4,1
f1a1844d-9f56-4202-9d13-d4453a94959d,2,1
26d54b85-fe35-4a0e-8cea-3dde7a74c88d,2,1
b1b9f17b-9b3e-42c8-ac94-bf897773b213,2,1
04c8aa87-a4c5-45a6-869a-b795c0665440,3,2
576baef9-b8aa-44f1-b872-8ea2a23ba053,3,2
bb82a91e-075c-4f79-bddb-5aee2799e756,3,2
970251e3-908f-4e74-a64e-23253842478f,3,2
e364fd06-d317-4209-ba48-65790f2bc4d2,3,2
fe6de640-8bbc-4d93-8147-b7b0dac57151,3,1
7c1bc324-43e1-498b-b53f-e6e93687be34,3,1
ou2jeijmefjmd7mbr7l5gut5bet1652pe449n981,3,1
mek5ku2rk77oo544odvhtg0427o5ln2i5pou5n01,3,1
okmbv47b56usfspc4gu6i4o1mtbfqj646c2pda01,3,1
5c6fe04d-82af-45a9-97a2-3d307595e308,2,1
d577e5f0-d337-4042-93f9-f7b4c3651b82,2,1
e40e34f2-a69f-4b78-8d7c-6c9e24e53f9f,2,1
a32b84a1-00aa-4b9a-b6d8-6eb3a10f97a8,3,1
eca05313-e0e7-4381-86f3-679038733f30,3,1
c13cbdf2-8b74-4246-93fb-ccc95eb1fbe6,3,1
06da11c1-c9fa-4fb2-9d63-f26fe1c8cb63,2,1
0da63a7c-299e-476c-b5f5-56d402a6a012,2,1
24f7246a-47cd-410e-b0d6-9b4d2b75bddc,3,1
9b932397-66f2-4fe3-a4c2-57f57fd834fb,3,1
9c824e97-a142-44fb-8be9-a57474fca0f0,3,1
a49d48ba-3cd5-4dd2-b853-95bd0ac470cf,3,1
b44fa48d-846f-4d3b-9df8-8ff1104a408f,3,1
509bbae5-9cd7-40f8-aafd-ca05769d80e2,3,1
e4ebce9a-e56c-4b07-9022-f44d8e14d9e2,3,1
a1ba0be4-9511-40ca-b0a8-e7cb37deaf04,3,1
3ade9007-a073-4c43-ae7e-dfefd5ef733f,2,1
8682b59b-b330-4798-8a51-0cdc5a0868d7,2,1
0e63ef0b-d5a7-4bd8-8eeb-7850d9a6d77a,3,1
03cae764-9363-44c3-9d01-8942c1fecbb0,3,1
56b6927f-5469-4411-8b7e-ca1ea89c16fc,3,1
3e0b7a82-116b-44ce-b20f-4973bb1300b5,2,1
917d0d59-8d36-4a9c-a5b9-7025aca3454b,2,1
f3da502f-89f8-48ec-bc0d-3010e5850043,3,1
4ebfd6a9-9005-4545-ba40-bf36b7805c4e,3,1
f92s3d8r40esssdiigvaj9r3h9ls262irvu6uk81,3,1
hjikdjb5bse5mgmpba2gv00jjdtd72c1nn75qoo1,3,1
f555747b-0f12-4817-ab86-9850a02979f0,2,1
cc954300-fd7c-44fb-b45c-ab8159e593f4,2,1
9bcb4d47-f8bf-44e3-b28c-84e6b4fa261a,4,2
e962795c-3c12-438b-8a86-5eb2af5deb24,4,1
106471f0-80e2-4aac-a65b-416d8a3d4941,4,1
bbc7l5lh2cafb475gk18f363buv1eu55pqljg1g1,4,1
peicll57k3ob97oui961anikdq7ibimgktests01,4,1
180fl542bms9trj4k3cfs6hd8uj0rikghauis401,4,2
00qgthdnellbvf1jd7ci2jeh0jiksaenv9gv5j01,4,2
9dbf6a84-5273-410c-b14c-9b3e245e9fd6,2,1
782dd0d1-586b-4ffa-89f8-60b5c4ba9209,2,1
d72c9ba9-a4a8-4511-9bdc-d649391ee8d7,3,1
226f9e57-6035-41a3-a84a-8b3cd3efbeb1,3,1
lqk2s1mado6g64t2aasvuuurhlmccvhbadoe7n81,3,1
2vbpdn456eqk0f2udhptnur8usbbv1khossan581,3,1
ddc38d09-2f9f-4b2e-af66-cca3193fa820,2,1
f122621b-cf70-45a0-b194-89601d19bfae,2,1
3d068b6a-8648-42ec-8c99-9907250bda18,3,2
2b651e82-cabb-4f07-9bb7-180f2245ee94,3,2
3f104de0-3489-4d34-9478-28bfbf427d81,3,2
d3986878-550d-403d-a0c8-7f5dd439a489,3,1
8fe35421-74f1-45ea-9e75-5cc9ab337c09,3,1
8a7febe4-032d-4405-b15c-b02299c52fc3,3,1
88b01cd8-9524-406b-a663-6195e554ea2d,3,1
d3108172-a5d8-4e46-8cd9-1ae98ab9d005,3,1
5cbf674c-6b2f-4558-a71f-cbce2a17fa5b,2,1
0cb6bff7-9104-42a9-aa5d-c7f5cc152126,2,1
ceb66fe2-78ba-4d37-9eac-198a400af812,4,1
bdf7be03-0e1a-4395-914d-d251c753f995,4,1
nbd7204sn6jeel6rmvmh11lpjludad1pke112bo1,4,1
33nl17j9qj9737mb5ill88hcrct97strku6hs801,4,1
57f2434c-b600-4573-b9ac-b3ad559d4bdc,2,1
c0c57e6e-6cea-4e25-be1c-3eed317c8029,2,1
558c8b9a-ceef-4f35-91d9-0fe4ae8ada70,2,1
3be9f33b-107b-4ca3-9761-2da3a93dd70f,3,1
42f1658f-eef4-4e30-bbc8-a622992f86f0,3,1
v2fi7cj1mc84r9udcibrrc1vrgup94uu8h5thpg1,3,1
277qha2nm5iqvpoene813t4bt85q2am2um61u881,3,1
798cd424-2c13-42d8-8233-6b61a654d1b6,2,1
0b6257aa-f7c1-4c67-8cf3-c5daa62c03b9,2,1
4fd1ec42-7d1b-4804-ba0c-0ebd8eba5d59,3,2
bc900f5a-ddd1-48aa-a7c4-a40ec449f208,3,2
fec5ab03-11af-4f38-be31-ae66298fa700,3,1
adb29751-49be-4d6b-9de7-f4f69873051e,3,1
45e0cb78-62a4-4137-a88e-65e59e5720e1,3,1
cfaef3c5-8f5a-4bdc-a938-eb3a9ffda0ef,3,1
7832cffd-bc5f-46e3-94b4-5597d724b4e1,2,1
5138c036-3327-43aa-9956-09ceff1466cf,2,1
037d06ea-0289-4f9c-9102-d48a7024ff90,3,1
037d06ea-0289-4f9c-9102-d48a7024ff90,3,1
03ospuujk212d7nvnldibrqnmlafq37hnj0l4r01,3,1
1l8a7qnh6vj3agrvdol05ro1s00qhmfahkfopcg1,3,1
f19c4a52-4612-4282-b24b-3efea87c3fcd,2,1
5932f0ca-47e9-4511-8771-578250b17857,2,1
04578828-20ef-4bac-8ba9-5b005f63f6a7,3,1
d7c85ed9-8425-47a3-ae58-b28e3988c916,3,1
vp0o1e987jcp0nkle2kdgb1mts7aej7hfpbs9ug1,3,1
06fup3t61ci08heic3eth7l4jpvtdf2261senl81,3,1
ba65a2cb-6d75-450d-8bad-78b30aafac6f,2,1
8d715748-75a6-4905-bd2a-2eefd06ef28b,2,1
266ba310-7115-4a01-b127-2bfd03a91856,2,1
2b47a185-ab89-48e1-a071-21bfe10dccfe,3,2
7bd624cb-d8a1-437b-8376-2459760a7fff,3,2
52fed621-4871-4274-acb8-389c4628fea3,3,1
e33a47ba-8537-4c51-890e-058d31b9cace,3,1
ae578912-42c7-4a45-bffa-8c30f43bc7aa,3,1
ceb17796-ced9-4c6b-bfd6-86b34b79f083,3,1
45b95c4d-8c32-4a36-aac2-6fa6934bbfd2,2,1
6472a79b-a4ec-48e5-a9d9-c49b6f80e7f9,2,1
7104745b-bc41-438e-b792-00b72f61e3e4,3,2
344852d9-9f1d-482e-8fb1-c0246eed80a1,3,2
d54c4eb4-cc39-4e03-91d0-0d75d61b4dcc,3,1
0a42a960-750d-4c30-9dc4-4f4346253adb,3,1
a68a0f40-daf7-430e-bf9d-043d0db3fb21,3,1
nc5bohv3pfkmhd14kf1jctleilqdqf1h5hests01,3,1
0t401j7h9hbtnd3hdtl2b4ipld5e70ubusibf281,3,1
ctnl4ollvfi7ucpthhuarc0cfed30ou1j2mjs001,3,2
8j4nn5s16bp428ek69mm9cn477c77463dt5thpg1,3,2
16b2b2ae-2fdf-409e-affa-475755e7782c,2,1
c30ae69e-d25a-4cf9-bc08-252dd92124ea,2,1
720925c6-658b-4a59-88f0-3105b2f8d508,2,1